stroke_id,x,y,time,is_writing
0,21.03118896484375,0.0,0.0,1
0,23.13433837890625,2.103118896484375,97.0,1
0,35.7530517578125,13.6702880859375,174.0,1
0,44.16552734375,18.9281005859375,275.0,1
0,42.06243896484375,19.97967529296875,391.0,1
0,32.598388671875,25.237457275390625,425.0,1
0,8.4124755859375,46.268707275390625,463.0,1
0,0.0,56.7843017578125,524.0,1
