stroke_id,x,y,time,is_writing
0,26.289031982421875,0.0,0.0,1
0,24.1859130859375,1.05157470703125,130.0,1
0,9.46405029296875,12.618743896484375,209.0,1
0,1.0515594482421875,21.031219482421875,292.0,1
0,0.0,23.13433837890625,326.0,1
0,4.20623779296875,24.1859130859375,463.0,1
0,30.495269775390625,26.289031982421875,543.0,1
0,39.959320068359375,28.39215087890625,609.0,1
