stroke_id,x,y,time,is_writing
0,11.0,0.0,0.0,1
0,13.0,3.0,55.72265625,1
0,17.0,9.0,167.171875,1
0,19.0,12.0,222.89453125,1
0,21.0,15.0,278.6171875,1
0,15.75,17.75,370.21484375,1
0,13.125,19.125,416.01171875,1
0,11.8125,19.8125,438.91015625,1
0,10.5,20.5,461.80859375,1
0,5.25,23.25,553.40625,1
0,2.625,24.625,599.203125,1
0,1.3125,25.3125,622.1015625,1
0,0.0,26.0,645.0,1
