stroke_id,x,y,time,is_writing
0,0.0,8.77734375,0.0,1
0,2.2862815856933594,4.843505859375,63.25,1
0,4.4907684326171875,2.0693359375,126.5,1
0,6.613460540771484,0.454833984375,189.75,1
0,8.65435791015625,0.0,253.0,1
0,10.613460540771484,0.704833984375,316.25,1
0,12.490768432617188,2.5693359375,379.5,1
0,14.28628158569336,5.593505859375,442.75,1
0,16.0,9.77734375,506.0,1
