stroke_id,x,y,time,is_writing
0,0.0,0.0,0.0,1
0,6.428703308105469,0.554443359375,71.5,1
0,11.377777099609375,1.5576171875,143.0,1
0,14.847221374511719,3.009521484375,214.5,1
0,16.8370361328125,4.91015625,286.0,1
0,17.34722137451172,7.259521484375,357.5,1
0,16.377777099609375,10.0576171875,429.0,1
0,13.928703308105469,13.304443359375,500.5,1
0,10.0,17.0,572.0,1
