stroke_id,x,y,time,is_writing
0,0.0,0.0,0.0,1
0,4.25,3.25,107.6103515625,1
0,6.375,4.875,161.415283203125,1
0,7.4375,5.6875,188.31787109375,1
0,8.5,6.5,215.220458984375,1
0,12.75,9.75,322.830810546875,1
0,14.875,11.375,376.6357421875,1
0,15.9375,12.1875,403.538330078125,1
0,17.0,13.0,430.44091796875,1
0,19.0,13.0,470.66748046875,1
0,17.0,14.0,515.6416015625,1
0,9.0,20.0,716.7734375,1
0,7.0,20.0,757.0,1
