stroke_id,x,y,time,is_writing
0,26.0,0.0,0.0,1
0,26.0,2.0,32.0234375,1
0,28.5,8.0,136.103515625,1
0,29.75,11.0,188.142578125,1
0,31.0,14.0,240.181640625,1
0,26.0,13.0,321.826171875,1
0,20.75,11.5,409.25390625,1
0,18.125,10.75,452.96875,1
0,15.5,10.0,496.681640625,1
0,7.75,8.0,624.841796875,1
0,3.875,7.0,688.919921875,1
0,1.9375,6.5,720.9609375,1
0,0.0,6.0,753.0,1
