stroke_id,x,y,time,is_writing
0,0.0,0.0,0.0,1
0,2.696929931640625,3.821533203125,76.75,1
0,5.3018798828125,6.5869140625,153.5,1
0,7.814849853515625,8.296142578125,230.25,1
0,10.23583984375,8.94921875,307.0,1
0,12.564849853515625,8.546142578125,383.75,1
0,14.8018798828125,7.0869140625,460.5,1
0,16.946929931640625,4.571533203125,537.25,1
0,19.0,1.0,614.0,1
