stroke_id,x,y,time,is_writing
0,88.48890686035156,4.022216796875,0.0,1
0,85.47221374511719,4.022216796875,124.0,1
0,23.127777099609375,4.022216796875,258.0,1
0,0.0,4.022216796875,425.0,1
0,3.0166778564453125,3.0166015625,558.0,1
0,12.066665649414062,0.0,673.0,1
0,10.055557250976562,0.0,1058.0,1
0,0.0,5.02783203125,1259.0,1
0,3.0166778564453125,6.033203125,1458.0,1
0,8.044448852539062,6.033203125,1525.0,1
0,16.088897705078125,12.066650390625,1626.0,1
