stroke_id,x,y,time,is_writing
0,15.0,0.0,0.0,1
0,11.75,4.0,52.228515625,1
0,10.125,6.0,78.34375,1
0,9.3125,7.0,91.400390625,1
0,8.5,8.0,104.458984375,1
0,5.25,12.0,156.6875,1
0,3.625,14.0,182.802734375,1
0,2.8125,15.0,195.859375,1
0,2.0,16.0,208.916015625,1
0,0.0,20.0,254.236328125,1
0,6.0,25.0,333.384765625,1
0,11.5,27.0,392.693359375,1
0,17.0,29.0,452.0,1
