stroke_id,x,y,time,is_writing
0,11.36407470703125,0.0,0.0,1
0,6.8941802978515625,2.8114013671875,73.625,1
0,3.5228271484375,5.46240234375,147.25,1
0,1.2500152587890625,7.9530029296875,220.875,1
0,0.07574462890625,10.283203125,294.5,1
0,1.52587890625e-05,12.4530029296875,368.125,1
0,1.0228271484375,14.46240234375,441.75,1
0,3.1441802978515625,16.3114013671875,515.375,1
0,6.36407470703125,18.0,589.0,1
