stroke_id,x,y,time,is_writing
0,0.0,25.237457275390625,0.0,1
0,0.0,21.031219482421875,128.0,1
0,10.515625,2.103118896484375,295.0,1
0,11.56719970703125,0.0,329.0,1
0,14.72186279296875,4.206268310546875,445.0,1
0,22.08282470703125,16.824981689453125,512.0,1
0,26.2890625,22.082794189453125,711.0,1
