stroke_id,x,y,time,is_writing
0,8.412490844726562,1.05157470703125,0.0,1
0,7.360931396484375,3.15472412109375,140.0,1
0,0.0,15.7734375,224.0,1
0,1.0515594482421875,13.67034912109375,590.0,1
0,13.670295715332031,0.0,740.0,1
0,15.773414611816406,3.15472412109375,1096.0,1
0,19.97966766357422,7.3609619140625,1157.0,1
