stroke_id,x,y,time,is_writing
0,63.0,78.0,0.0,1
0,60.0,75.0,105.599609375,1
0,38.00044631958008,52.999755859375,211.19921875,1
0,7.0,9.000007629394531,316.80078125,1
0,1.9998931884765625,1.000244140625,422.400390625,1
0,0.0,0.0,528.0,1
1,12.534805297851562,2.622727870941162,0.0,1
1,0.0,0.0,0.0,1
1,0.0,0.0,0.0,1
1,0.19278346002101898,12.80479907989502,0.0,1
