stroke_id,x,y,time,is_writing
0,0.0,28.0,0.0,1
0,8.5,21.0,59.41015625,1
0,12.75,17.5,89.1171875,1
0,14.875,15.75,103.96875,1
0,17.0,14.0,118.8203125,1
0,25.5,7.0,178.23046875,1
0,29.75,3.5,207.9375,1
0,31.875,1.75,222.7890625,1
0,34.0,0.0,237.640625,1
0,39.75,10.5,302.23046875,1
0,42.625,15.75,334.52734375,1
0,44.0625,18.375,350.671875,1
0,45.5,21.0,366.8203125,1
0,51.25,31.5,431.41015625,1
0,54.125,36.75,463.70703125,1
0,55.5625,39.375,479.8515625,1
0,57.0,42.0,496.0,1
