stroke_id,x,y,time,is_writing
0,24.0,0.0,0.0,1
0,20.0,3.0,51.26953125,1
0,16.0,7.0,109.2734375,1
0,14.0,9.0,138.27734375,1
0,12.0,11.0,167.28125,1
0,6.0,16.5,250.73828125,1
0,3.0,19.25,292.46875,1
0,1.5,20.625,313.3359375,1
0,0.0,22.0,334.19921875,1
0,1.0,24.0,357.12890625,1
0,5.0,30.0,431.0703125,1
0,6.0,30.5,442.53515625,1
0,7.0,31.0,454.0,1
