stroke_id,x,y,time,is_writing
0,0.0,15.773406982421875,0.0,1
0,0.0,13.670257568359375,142.0,1
0,4.20623779296875,5.257781982421875,207.0,1
0,10.515594482421875,0.0,276.0,1
0,18.9281005859375,8.4124755859375,475.0,1
