stroke_id,x,y,time,is_writing
0,0.0,9.01171875,0.0,1
0,3.1680908203125,4.694091796875,57.0,1
0,6.00244140625,1.7529296875,114.0,1
0,8.5030517578125,0.188232421875,171.0,1
0,10.669921875,0.0,228.0,1
0,12.5030517578125,1.188232421875,285.0,1
0,14.00244140625,3.7529296875,342.0,1
0,15.1680908203125,7.694091796875,399.0,1
0,16.0,13.01171875,456.0,1
