stroke_id,x,y,time,is_writing
0,0.0,128.00003051757812,0.0,1
0,1.0,126.00003051757812,70.0,1
0,3.0,116.00003051757812,86.0,1
0,53.0,13.0,159.0,1
0,61.0,0.0,195.0,1
0,62.0,4.0,295.0,1
0,62.0,55.0,362.0,1
0,71.0,81.0,437.0,1
0,71.0,83.0,461.0,1
