stroke_id,x,y,time,is_writing
0,0.0,32.598388671875,0.0,1
0,0.0,30.495269775390625,111.0,1
0,12.61871337890625,0.0,240.0,1
0,15.77337646484375,2.103118896484375,379.0,1
0,29.4437255859375,19.979644775390625,556.0,1
0,31.54681396484375,22.082763671875,605.0,1
0,33.64996337890625,23.13433837890625,778.0,1
0,39.95928955078125,29.443695068359375,889.0,1
