stroke_id,x,y,time,is_writing
0,0.0,0.0,0.0,1
0,3.3041152954101562,2.1031494140625,70.625,1
0,5.735626220703125,4.14111328125,141.25,1
0,7.294532775878906,6.1138916015625,211.875,1
0,7.9808349609375,8.021484375,282.5,1
0,7.794532775878906,9.8638916015625,353.125,1
0,6.735626220703125,11.64111328125,423.75,1
0,4.804115295410156,13.3531494140625,494.375,1
0,2.0,15.0,565.0,1
