stroke_id,x,y,time,is_writing
0,5.2578125,3.154693603515625,0.0,1
0,5.2578125,5.2578125,96.0,1
0,5.2578125,26.289031982421875,228.0,1
0,2.1031494140625,34.7015380859375,345.0,1
0,3.154693603515625,32.598419189453125,2162.0,1
0,3.154693603515625,28.392181396484375,2295.0,1
0,3.154693603515625,26.289031982421875,2595.0,1
0,3.154693603515625,10.515625,2778.0,1
0,3.154693603515625,8.412506103515625,3702.0,1
0,0.0,0.0,3828.0,1
