stroke_id,x,y,time,is_writing
0,1.00555419921875,0.0,0.0,1
0,1.00555419921875,2.0111083984375,262.0,1
0,0.0,20.111083984375,496.0,1
0,2.0111083984375,19.1055908203125,668.0,1
0,11.06109619140625,15.0833740234375,779.0,1
0,55.3055419921875,11.0611572265625,912.0,1
0,82.45556640625,11.0611572265625,1045.0,1
0,112.6221923828125,12.066650390625,1345.0,1
0,113.62774658203125,10.0555419921875,1579.0,1
0,111.61663818359375,0.0,1729.0,1
