stroke_id,x,y,time,is_writing
0,11.06109619140625,0.0,0.0,1
0,9.04998779296875,0.0,194.0,1
0,0.0,0.0,293.0,1
0,1.00555419921875,4.022216796875,494.0,1
0,1.00555419921875,48.2666015625,710.0,1
0,2.0111083984375,46.2554931640625,961.0,1
0,10.0555419921875,43.2388916015625,1210.0,1
0,8.04443359375,44.244384765625,1444.0,1
