stroke_id,x,y,time,is_writing
0,0.0,0.0,0.0,1
0,0.5,5.0,77.4140625,1
0,0.75,7.5,116.1171875,1
0,0.875,8.75,135.4765625,1
0,1.0,10.0,154.828125,1
0,5.0,14.0,241.9765625,1
0,22.0,15.0,504.328125,1
0,22.25,14.0,520.2109375,1
0,22.5,13.0,536.0859375,1
0,42.0,17.0,842.7578125,1
0,43.0,16.5,859.984375,1
0,43.5,16.25,868.59375,1
0,44.0,16.0,877.203125,1
0,48.0,14.0,946.1015625,1
0,49.0,12.0,980.5546875,1
0,49.5,11.0,997.7734375,1
0,50.0,10.0,1015.0,1
