stroke_id,x,y,time,is_writing
0,0.0,1.005615234375,0.0,1
0,0.0,3.0167236328125,293.0,1
0,0.0,9.050048828125,394.0,1
0,2.0111083984375,11.0611572265625,748.0,1
0,18.0999755859375,11.0611572265625,843.0,1
0,53.29443359375,12.066650390625,977.0,1
0,61.3388671875,12.066650390625,1093.0,1
0,70.38888549804688,11.0611572265625,1361.0,1
0,76.42221069335938,8.04443359375,1811.0,1
0,76.42221069335938,0.0,2028.0,1
