stroke_id,x,y,time,is_writing
0,0.0,0.0,0.0,1
0,0.0,2.0,10.3203125,1
0,0.0,6.0,30.96875,1
0,0.0,8.0,41.2890625,1
0,0.0,10.0,51.6171875,1
0,3.0,11.0,67.9375,1
0,56.0,15.0,342.2734375,1
0,70.25,14.0,416.0078125,1
0,84.5,13.0,489.7421875,1
0,148.0,16.0,817.859375,1
0,158.5,16.0,872.0546875,1
0,163.75,16.0,899.15625,1
0,169.0,16.0,926.2578125,1
0,171.0,16.0,936.578125,1
0,171.0,8.5,975.2890625,1
0,171.0,4.75,994.640625,1
0,171.0,1.0,1014.0,1
