stroke_id,x,y,time,is_writing
0,12.066665649414062,0.0,0.0,1
0,10.055557250976562,0.0,111.0,1
0,0.0,0.0,210.0,1
0,0.0,2.0111083984375,332.0,1
0,0.0,51.2833251953125,477.0,1
0,4.0222320556640625,51.2833251953125,695.0,1
0,10.055557250976562,49.272216796875,778.0,1
0,14.077774047851562,48.2667236328125,1028.0,1
