stroke_id,x,y,time,is_writing
0,0.0,2.0111083984375,0.0,1
0,2.0111083984375,2.0111083984375,275.0,1
0,12.066650390625,0.0,460.0,1
0,11.06109619140625,2.0111083984375,698.0,1
0,9.04998779296875,18.0999755859375,1010.0,1
0,9.04998779296875,26.1444091796875,1127.0,1
0,9.04998779296875,32.177734375,1293.0,1
0,7.03887939453125,33.183349609375,1528.0,1
0,2.0111083984375,30.1666259765625,1744.0,1
