stroke_id,x,y,time,is_writing
0,0.0,1.0,0.0,1
0,0.0,3.0,16.3125,1
0,0.0,12.0,89.71875,1
0,0.0,15.0,114.1875,1
0,0.0,18.0,138.6484375,1
0,2.0,17.0,156.890625,1
0,56.0,11.0,600.0234375,1
0,56.75,13.0,617.4453125,1
0,57.5,15.0,634.8671875,1
0,86.25,13.5,869.671875,1
0,100.625,12.75,987.078125,1
0,107.8125,12.375,1045.7734375,1
0,115.0,12.0,1104.4765625,1
0,117.0,12.0,1120.7890625,1
0,117.5,6.0,1169.890625,1
0,117.75,3.0,1194.4453125,1
0,118.0,0.0,1219.0,1
