stroke_id,x,y,time,is_writing
0,7.0,0.0,0.0,1
0,2.0,1.0,39.43994140625,1
0,0.0,1.0,54.909423828125,1
0,0.0,7.0,101.318115234375,1
0,5.0,34.5,317.511962890625,1
0,8.0,61.0,523.79296875,1
0,8.0,64.5,550.86474609375,1
0,8.0,66.25,564.400634765625,1
0,8.0,68.0,577.9365234375,1
0,9.0,72.0,609.827880859375,1
0,17.0,75.0,675.9140625,1
0,21.0,76.5,708.95703125,1
0,25.0,78.0,742.0,1
