stroke_id,x,y,time,is_writing
0,0.0,0.0,0.0,1
0,1.0,4.0,72.1015625,1
0,2.0,7.0,127.3984375,1
0,2.5,8.5,155.046875,1
0,3.0,10.0,182.6953125,1
0,12.75,10.75,353.6875,1
0,17.625,11.125,439.1875,1
0,20.0625,11.3125,481.9375,1
0,22.5,11.5,524.6875,1
0,32.25,12.25,695.6796875,1
0,37.125,12.625,781.1796875,1
0,39.5625,12.8125,823.9296875,1
0,42.0,13.0,866.6796875,1
0,44.0,13.0,901.6484375,1
0,46.0,13.0,936.625,1
0,46.0,11.0,971.59375,1
0,46.0,6.0,1059.0234375,1
0,46.0,4.0,1094.0,1
