stroke_id,x,y,time,is_writing
0,13.0,0.0,0.0,1
0,16.0,0.0,32.5625,1
0,22.0,0.0,97.6953125,1
0,25.0,0.0,130.2578125,1
0,28.0,0.0,162.828125,1
0,28.0,2.0,184.5390625,1
0,25.25,18.25,363.4375,1
0,23.875,26.375,452.890625,1
0,22.5,34.5,542.34375,1
0,17.0,61.0,836.1328125,1
0,17.0,65.0,879.5546875,1
0,17.0,67.0,901.265625,1
0,17.0,69.0,922.9765625,1
0,14.0,72.0,969.03125,1
0,6.0,72.0,1055.8671875,1
0,3.0,72.0,1088.4375,1
0,0.0,72.0,1121.0,1
