stroke_id,x,y,time,is_writing
0,0.0,0.0,0.0,1
0,4.022216796875,0.0,164.0,1
0,26.144439697265625,0.0,258.0,1
0,26.144439697265625,2.0111083984375,392.0,1
0,21.116653442382812,13.072265625,458.0,1
0,18.099990844726562,34.18896484375,525.0,1
0,18.099990844726562,40.2222900390625,558.0,1
0,18.099990844726562,46.255615234375,764.0,1
0,15.083328247070312,47.2611083984375,1031.0,1
0,1.00555419921875,47.2611083984375,1192.0,1
