stroke_id,x,y,time,is_writing
0,28.0,0.0,0.0,1
0,13.0,2.0,55.0,1
0,4.0,13.0,96.0,1
0,0.0,30.0,129.0,1
0,2.0,70.0,196.0,1
0,9.0,87.999755859375,230.0,1
0,15.0,93.999755859375,247.0,1
0,34.0,99.999755859375,283.0,1
0,86.0,99.999755859375,355.0,1
0,98.0,94.999755859375,387.0,1
0,105.0,84.999755859375,422.0,1
0,108.0,52.0,488.0,1
0,100.0,31.0,522.0,1
0,88.0,15.0,555.0,1
0,81.0,10.0,572.0,1
0,30.0,9.0,639.0,1
0,10.0,14.0,681.0,1
