stroke_id,x,y,time,is_writing
0,1.0,0.0,0.0,1
0,3.3989028930664062,1.251495361328125,81.375,1
0,5.076690673828125,2.2525634765625,162.75,1
0,6.033363342285156,3.003204345703125,244.125,1
0,6.2689208984375,3.50341796875,325.5,1
0,5.783363342285156,3.753204345703125,406.875,1
0,4.576690673828125,3.7525634765625,488.25,1
0,2.6489028930664062,3.501495361328125,569.625,1
0,0.0,3.0,651.0,1
