stroke_id,x,y,time,is_writing
0,0.0,0.0,0.0,1
0,1.6038894653320312,2.435089111328125,154.0,1
0,2.820953369140625,4.1744384765625,308.0,1
0,3.6511917114257812,5.218048095703125,462.0,1
0,4.0946044921875,5.56591796875,616.0,1
0,4.151191711425781,5.218048095703125,770.0,1
0,3.820953369140625,4.1744384765625,924.0,1
0,3.1038894653320312,2.435089111328125,1078.0,1
0,2.0,0.0,1232.0,1
