stroke_id,x,y,time,is_writing
0,3.0,8.0,0.0,1
0,0.0,10.0,67.404296875,1
0,2.0,12.0,120.279296875,1
0,6.0,11.5,195.6396484375,1
0,10.0,11.0,270.9990234375,1
0,10.5,7.0,346.359375,1
0,10.75,5.0,384.0390625,1
0,10.875,4.0,402.87890625,1
0,11.0,3.0,421.71875,1
0,3.0,0.0,581.4443359375,1
0,3.0,4.0,656.22265625,1
0,3.0,6.0,693.611328125,1
0,3.0,8.0,731.0,1
