stroke_id,x,y,time,is_writing
0,1.0,3.0,0.0,1
0,3.248685836791992,3.3471527099609375,91.125,1
0,4.819175720214844,3.48797607421875,182.25,1
0,5.711469650268555,3.4224700927734375,273.375,1
0,5.925567626953125,3.150634765625,364.5,1
0,5.461469650268555,2.6724700927734375,455.625,1
0,4.319175720214844,1.98797607421875,546.75,1
0,2.498685836791992,1.0971527099609375,637.875,1
0,0.0,0.0,729.0,1
