stroke_id,x,y,time,is_writing
0,0.0,2.10302734375,0.0,1
0,2.10308837890625,2.10302734375,379.0,1
0,6.309326171875,2.10302734375,446.0,1
0,7.36090087890625,0.0,545.0,1
0,3.1546630859375,0.0,645.0,1
0,1.05157470703125,3.15478515625,745.0,1
0,3.1546630859375,3.15478515625,928.0,1
0,3.1546630859375,1.051513671875,1011.0,1
