stroke_id,x,y,time,is_writing
0,13.0,6.0,0.0,1
0,10.0,6.0,68.677734375,1
0,5.0,6.5,183.708984375,1
0,2.5,6.75,241.224609375,1
0,0.0,7.0,298.7421875,1
0,0.0,3.0,390.310546875,1
0,1.5,1.5,438.873046875,1
0,2.25,0.75,463.154296875,1
0,3.0,0.0,487.435546875,1
0,7.0,1.5,585.23046875,1
0,9.0,2.25,634.12890625,1
0,10.0,2.625,658.578125,1
0,11.0,3.0,683.02734375,1
0,11.0,5.0,728.810546875,1
0,12.0,5.5,754.40625,1
0,12.5,5.75,767.203125,1
0,13.0,6.0,780.0,1
