stroke_id,x,y,time,is_writing
0,0.0,0.0,0.0,1
0,4.459772109985352,2.212921142578125,75.375,1
0,7.681037902832031,3.7935791015625,150.75,1
0,9.663797378540039,4.741973876953125,226.125,1
0,10.408050537109375,5.05810546875,301.5,1
0,9.913797378540039,4.741973876953125,376.875,1
0,8.181037902832031,3.7935791015625,452.25,1
0,5.209772109985352,2.212921142578125,527.625,1
0,1.0,0.0,603.0,1
