stroke_id,x,y,time,is_writing
0,0.0,3.154541015625,0.0,1
0,2.1031494140625,3.154541015625,366.0,1
0,3.15472412109375,1.051513671875,460.0,1
0,1.05157470703125,0.0,576.0,1
0,0.0,2.10302734375,660.0,1
