stroke_id,x,y,time,is_writing
0,2.0,1.0,0.0,1
0,0.0,3.0,60.16796875,1
0,4.0,6.0,166.529296875,1
0,6.0,6.5,210.3828125,1
0,8.0,7.0,254.236328125,1
0,10.0,4.0,330.93359375,1
0,9.5,2.0,374.7890625,1
0,9.25,1.0,396.71484375,1
0,9.0,0.0,418.642578125,1
0,5.0,0.0,503.73046875,1
0,3.5,0.5,537.365234375,1
0,2.75,0.75,554.18359375,1
0,2.0,1.0,571.0,1
