stroke_id,x,y,time,is_writing
0,0.0,2.10302734375,0.0,1
0,2.103118896484375,2.10302734375,433.0,1
0,3.154693603515625,0.0,578.0,1
0,0.0,3.15478515625,795.0,1
