stroke_id,x,y,time,is_writing
0,0.0,2.0,0.0,1
0,0.0,4.0,89.3154296875,1
0,1.0,8.0,273.443359375,1
0,4.0,8.5,409.263671875,1
0,7.0,9.0,545.083984375,1
0,8.0,5.0,729.2119140625,1
0,8.5,3.0,821.2763671875,1
0,8.75,2.0,867.3076171875,1
0,9.0,1.0,913.33984375,1
0,7.0,0.0,1013.197265625,1
0,1.0,0.0,1281.142578125,1
0,0.5,1.0,1331.0712890625,1
0,0.0,2.0,1381.0,1
