stroke_id,x,y,time,is_writing
0,0.0,0.0,0.0,1
0,0.0,4.2060546875,60.0,1
0,0.0,87.279296875,125.0,1
0,0.0,123.03271484375,192.0,1
0,4.20623779296875,124.083984375,326.0,1
0,18.9281005859375,127.23876953125,358.0,1
0,48.371826171875,127.23876953125,392.0,1
0,83.0733642578125,113.568359375,425.0,1
0,103.05303955078125,102.00146484375,459.0,1
0,109.3624267578125,97.794921875,508.0,1
0,107.25927734375,97.794921875,776.0,1
