stroke_id,x,y,time,is_writing
0,0.0,0.0,0.0,1
0,0.0,3.15478515625,140.0,1
0,0.0,46.2685546875,276.0,1
0,0.0,65.19677734375,475.0,1
0,0.0,73.609375,540.0,1
