stroke_id,x,y,time,is_writing
0,0.0,0.0,0.0,1
0,87.63287353515625,0.0,107.53125,1
0,168.88075256347656,0.0,207.25,1
0,168.88075256347656,38.031494140625,414.5,1
0,29.091190338134766,38.031494140625,586.0625,1
0,0.0,38.031494140625,621.75,1
0,0.0,0.0,829.0,1
