stroke_id,x,y,time,is_writing
0,3.0,3.0,0.0,1
0,6.453472137451172,5.8592529296875,104.875,1
0,8.813095092773438,7.79443359375,209.75,1
0,10.078868865966797,8.8055419921875,314.625,1
0,10.25079345703125,8.892578125,419.5,1
0,9.328868865966797,8.0555419921875,524.375,1
0,7.3130950927734375,6.29443359375,629.25,1
0,4.203472137451172,3.6092529296875,734.125,1
0,0.0,0.0,839.0,1
