stroke_id,x,y,time,is_writing
0,4.2062530517578125,0.0,0.0,1
0,5.2578125,2.1031494140625,146.0,1
0,13.670303344726562,13.6702880859375,395.0,1
0,14.72186279296875,11.567138671875,711.0,1
0,15.773422241210938,3.1546630859375,828.0,1
0,13.670303344726562,3.1546630859375,1096.0,1
0,0.0,13.6702880859375,1345.0,1
