stroke_id,x,y,time,is_writing
0,3.1546630859375,8.4124755859375,0.0,1
0,4.20623779296875,10.515625,127.0,1
0,9.46405029296875,15.7734375,193.0,1
0,9.46405029296875,13.6702880859375,727.0,1
0,12.61871337890625,0.0,925.0,1
0,11.56719970703125,2.1031494140625,1110.0,1
0,3.1546630859375,14.7218017578125,1343.0,1
0,0.0,17.8765869140625,1509.0,1
