stroke_id,x,y,time,is_writing
0,1.051513671875,0.0,0.0,1
0,4.20623779296875,3.15478515625,246.0,1
0,15.77337646484375,14.721923828125,345.0,1
0,16.824951171875,12.6187744140625,580.0,1
0,16.824951171875,4.206298828125,695.0,1
0,14.72186279296875,1.0516357421875,846.0,1
0,10.51556396484375,4.206298828125,980.0,1
0,0.0,14.721923828125,1079.0,1
