stroke_id,x,y,time,is_writing
0,9.46405029296875,0.0,0.0,1
0,10.515617370605469,2.1031494140625,580.0,1
0,16.824981689453125,10.515625,726.0,1
0,17.876541137695312,8.41259765625,1165.0,1
0,17.876541137695312,2.1031494140625,1326.0,1
0,15.773422241210938,1.0516357421875,1526.0,1
0,10.515617370605469,8.41259765625,1626.0,1
0,0.0,17.876708984375,1726.0,1
