stroke_id,x,y,time,is_writing
0,12.61871337890625,8.4124755859375,0.0,1
0,10.515625,11.567138671875,196.0,1
0,1.05157470703125,22.082763671875,296.0,1
0,0.0,19.9796142578125,611.0,1
0,0.0,2.1031494140625,813.0,1
0,0.0,0.0,862.0,1
0,2.1031494140625,2.1031494140625,1012.0,1
0,10.515625,10.515625,1163.0,1
0,14.72186279296875,18.9281005859375,1329.0,1
