stroke_id,x,y,time,is_writing
0,9.0,0.0,0.0,1
0,9.0,2.0,30.96875,1
0,5.0,6.5,124.1953125,1
0,3.0,8.75,170.810546875,1
0,1.0,11.0,217.423828125,1
0,0.5,8.0,264.517578125,1
0,0.25,6.5,288.064453125,1
0,0.125,5.75,299.837890625,1
0,0.0,5.0,311.611328125,1
0,3.0,5.0,358.064453125,1
0,6.0,2.5,418.53125,1
0,7.5,1.25,448.765625,1
0,9.0,0.0,479.0,1
