stroke_id,x,y,time,is_writing
0,1.051544189453125,10.515625,0.0,1
0,3.154693603515625,10.515625,194.0,1
0,7.360931396484375,13.6702880859375,261.0,1
0,14.72186279296875,18.9281005859375,728.0,1
0,14.72186279296875,16.824951171875,982.0,1
0,15.773406982421875,4.206298828125,1093.0,1
0,15.773406982421875,0.0,1227.0,1
0,15.773406982421875,2.1031494140625,1411.0,1
0,4.20623779296875,15.7734375,1645.0,1
0,0.0,19.979736328125,2344.0,1
0,0.0,22.082763671875,2360.0,1
