stroke_id,x,y,time,is_writing
0,9.46405029296875,1.051513671875,0.0,1
0,7.360931396484375,2.1031494140625,263.0,1
0,3.1546630859375,4.206298828125,375.0,1
0,0.0,2.1031494140625,525.0,1
0,4.20623779296875,0.0,709.0,1
0,7.360931396484375,3.1546630859375,1009.0,1
0,12.618743896484375,8.4124755859375,1226.0,1
