stroke_id,x,y,time,is_writing
0,10.0,0.0,0.0,1
0,8.0,2.0,39.3388671875,1
0,4.5,7.0,124.22607421875,1
0,2.75,9.5,166.66943359375,1
0,1.0,12.0,209.11279296875,1
0,3.0,13.0,240.212890625,1
0,7.5,13.0,302.80078125,1
0,9.75,13.0,334.0947265625,1
0,12.0,13.0,365.388671875,1
0,13.0,11.0,396.48876953125,1
0,0.0,3.0,608.7919921875,1
0,5.0,1.5,681.39599609375,1
0,10.0,0.0,754.0,1
