stroke_id,x,y,time,is_writing
0,7.36090087890625,7.36083984375,0.0,1
0,8.4124755859375,9.4639892578125,479.0,1
0,11.567138671875,13.6702880859375,562.0,1
0,12.61871337890625,15.7733154296875,697.0,1
0,14.72186279296875,15.7733154296875,1062.0,1
0,16.824951171875,12.61865234375,1178.0,1
0,24.1859130859375,0.0,1279.0,1
0,22.082763671875,0.0,1518.0,1
0,13.6702880859375,8.4124755859375,1679.0,1
0,0.0,19.9796142578125,1762.0,1
