stroke_id,x,y,time,is_writing
0,14.7218017578125,0.0,0.0,1
0,15.77337646484375,3.1546630859375,179.0,1
0,23.13433837890625,14.7218017578125,245.0,1
0,25.2374267578125,16.824951171875,294.0,1
0,27.340576171875,14.7218017578125,712.0,1
0,29.44366455078125,2.1031494140625,795.0,1
0,27.340576171875,1.051513671875,1094.0,1
0,4.20623779296875,16.824951171875,1244.0,1
0,0.0,19.9796142578125,1294.0,1
