stroke_id,x,y,time,is_writing
0,12.0,0.0,0.0,1
0,14.570907592773438,2.30584716796875,57.75,1
0,15.97869873046875,3.952880859375,115.5,1
0,16.223373413085938,4.94110107421875,173.25,1
0,15.304931640625,5.2705078125,231.0,1
0,13.223373413085938,4.94110107421875,288.75,1
0,9.97869873046875,3.952880859375,346.5,1
0,5.5709075927734375,2.30584716796875,404.25,1
0,0.0,0.0,462.0,1
