stroke_id,x,y,time,is_writing
0,13.0,0.0,0.0,1
0,10.0,1.0,63.14453125,1
0,5.0,2.5,167.3818359375,1
0,2.5,3.25,219.5,1
0,0.0,4.0,271.6181640625,1
0,2.0,7.0,343.6142578125,1
0,5.5,9.0,424.1083984375,1
0,7.25,10.0,464.35546875,1
0,9.0,11.0,504.6025390625,1
0,7.0,7.0,593.9033203125,1
0,10.0,3.5,685.951171875,1
0,11.5,1.75,731.9755859375,1
0,13.0,0.0,778.0,1
