stroke_id,x,y,time,is_writing
0,3.1546630859375,4.206298828125,0.0,1
0,4.20623779296875,6.3094482421875,212.0,1
0,9.46405029296875,13.67041015625,579.0,1
0,11.567138671875,13.67041015625,945.0,1
0,12.61871337890625,9.464111328125,1061.0,1
0,15.7734375,0.0,1212.0,1
0,11.567138671875,2.1031494140625,1429.0,1
0,2.10308837890625,9.464111328125,1578.0,1
0,0.0,10.515625,1845.0,1
