stroke_id,x,y,time,is_writing
0,0.0,4.017578125,0.0,1
0,2.4225502014160156,1.79248046875,71.375,1
0,5.0100860595703125,0.453125,142.75,1
0,7.762607574462891,-0.00048828125,214.125,1
0,10.68011474609375,0.431640625,285.5,1
0,13.76260757446289,1.74951171875,356.875,1
0,17.010086059570312,3.953125,428.25,1
0,20.422550201416016,7.04248046875,499.625,1
0,24.0,11.017578125,571.0,1
