stroke_id,x,y,time,is_writing
0,0.0,2.0,0.0,1
0,2.0,3.0,39.634765625,1
0,4.5,7.5,130.880859375,1
0,5.75,9.75,176.50390625,1
0,7.0,12.0,222.125,1
0,8.0,14.0,261.759765625,1
0,10.0,14.0,297.2109375,1
0,16.0,7.5,454.005859375,1
0,22.0,1.0,610.80078125,1
0,16.0,0.5,717.51953125,1
0,13.0,0.25,770.87890625,1
0,11.5,0.125,797.55859375,1
0,10.0,0.0,824.23828125,1
0,5.0,1.0,914.619140625,1
0,2.5,1.5,959.810546875,1
0,1.25,1.75,982.404296875,1
0,0.0,2.0,1005.0,1
