stroke_id,x,y,time,is_writing
0,0.0,11.0,0.0,1
0,1.0,14.0,35.03125,1
0,3.5,20.5,112.1787109375,1
0,4.75,23.75,150.7529296875,1
0,6.0,27.0,189.3271484375,1
0,10.0,20.25,276.2451171875,1
0,12.0,16.875,319.7041015625,1
0,13.0,15.1875,341.43359375,1
0,14.0,13.5,363.1630859375,1
0,18.0,6.75,450.08203125,1
0,20.0,3.375,493.541015625,1
0,21.0,1.6875,515.2705078125,1
0,22.0,0.0,537.0,1
