stroke_id,x,y,time,is_writing
0,19.0,1.6064453125,0.0,1
0,15.265609741210938,0.556884765625,42.875,1
0,11.91961669921875,0.021484375,85.75,1
0,8.962020874023438,0.000244140625,128.625,1
0,6.392822265625,0.4931640625,171.5,1
0,4.2120208740234375,1.500244140625,214.375,1
0,2.41961669921875,3.021484375,257.25,1
0,1.0156097412109375,5.056884765625,300.125,1
0,0.0,7.6064453125,343.0,1
