stroke_id,x,y,time,is_writing
0,0.0,43.0,0.0,1
0,5.0,39.0,26.734375,1
0,19.5,30.25,97.44921875,1
0,26.75,25.875,132.8046875,1
0,34.0,21.5,168.16015625,1
0,51.0,10.75,252.140625,1
0,59.5,5.375,294.1328125,1
0,63.75,2.6875,315.12890625,1
0,68.0,0.0,336.125,1
0,69.0,2.0,345.4609375,1
0,69.5,13.0,391.4375,1
0,69.75,18.5,414.42578125,1
0,70.0,24.0,437.4140625,1
0,72.0,46.0,529.6484375,1
0,72.0,47.0,533.82421875,1
0,72.0,47.5,535.9140625,1
0,72.0,48.0,538.0,1
