stroke_id,x,y,time,is_writing
0,4.0,0.0,0.0,1
0,2.0,4.0,117.09375,1
0,1.0,6.0,175.64453125,1
0,0.5,7.0,204.91796875,1
0,0.0,8.0,234.19140625,1
0,4.0,9.0,342.1484375,1
0,7.5,9.0,433.7890625,1
0,9.25,9.0,479.609375,1
0,11.0,9.0,525.4296875,1
0,11.0,7.0,577.796875,1
0,7.5,3.5,707.3984375,1
0,5.75,1.75,772.19921875,1
0,4.0,0.0,837.0,1
