stroke_id,x,y,time,is_writing
0,13.0,0.0,0.0,1
0,10.0,4.25,74.455078125,1
0,8.5,6.375,111.68359375,1
0,7.75,7.4375,130.296875,1
0,7.0,8.5,148.91015625,1
0,4.0,12.75,223.365234375,1
0,2.5,14.875,260.59375,1
0,1.75,15.9375,279.20703125,1
0,1.0,17.0,297.822265625,1
0,0.0,21.0,356.833984375,1
0,4.5,25.5,447.916015625,1
0,6.75,27.75,493.458984375,1
0,9.0,30.0,539.0,1
