stroke_id,x,y,time,is_writing
0,0.0,6.08203125,0.0,1
0,3.8101272583007812,2.7935791015625,62.625,1
0,7.281646728515625,0.76611328125,125.25,1
0,10.414558410644531,-0.0003662109375,187.875,1
0,13.2088623046875,0.494140625,250.5,1
0,15.664558410644531,2.2496337890625,313.125,1
0,17.781646728515625,5.26611328125,375.75,1
0,19.56012725830078,9.5435791015625,438.375,1
0,21.0,15.08203125,501.0,1
