stroke_id,x,y,time,is_writing
0,31.0,16.0,0.0,1
0,29.0,16.0,27.521484375,1
0,29.0,14.0,55.04296875,1
0,30.0,9.5,118.478515625,1
0,31.0,5.0,181.912109375,1
0,26.0,2.5,258.837890625,1
0,23.5,1.25,297.30078125,1
0,22.25,0.625,316.53125,1
0,21.0,0.0,335.763671875,1
0,15.75,2.0,413.072265625,1
0,13.125,3.0,451.7265625,1
0,11.8125,3.5,471.0546875,1
0,10.5,4.0,490.380859375,1
0,5.25,6.0,567.69140625,1
0,2.625,7.0,606.345703125,1
0,1.3125,7.5,625.671875,1
0,0.0,8.0,645.0,1
