stroke_id,x,y,time,is_writing
0,0.0,0.0,0.0,1
0,8.5,3.5,104.76953125,1
0,12.75,5.25,157.15625,1
0,14.875,6.125,183.34765625,1
0,17.0,7.0,209.5390625,1
0,16.0,9.0,235.02734375,1
0,11.0,15.5,328.4921875,1
0,8.5,18.75,375.2265625,1
0,6.0,22.0,421.9609375,1
0,4.0,24.0,454.1953125,1
0,3.0,22.0,479.68359375,1
0,1.0,11.0,607.109375,1
0,0.0,0.0,733.0,1
