stroke_id,x,y,time,is_writing
0,18.0,0.0,0.0,1
0,16.0,0.0,59.849609375,1
0,12.0,5.0,251.4609375,1
0,10.0,6.25,322.037109375,1
0,8.0,7.5,392.61328125,1
0,4.0,11.25,556.6875,1
0,2.0,13.125,638.7265625,1
0,1.0,14.0625,679.74609375,1
0,0.0,15.0,720.76171875,1
0,2.0,17.0,805.40234375,1
0,11.0,23.0,1129.0859375,1
0,11.5,24.0,1162.54296875,1
0,12.0,25.0,1196.0,1
