stroke_id,x,y,time,is_writing
0,0.0,0.0,0.0,1
0,2.0,0.0,38.7421875,1
0,10.5,0.0,203.3984375,1
0,14.75,0.0,285.7265625,1
0,19.0,0.0,368.05859375,1
0,20.0,2.0,411.37109375,1
0,19.0,10.0,567.55078125,1
0,18.0,12.0,610.8671875,1
0,17.0,14.0,654.1796875,1
0,14.0,16.0,724.02734375,1
0,13.0,18.0,767.33984375,1
0,12.0,17.5,789.0,1
0,11.0,17.0,810.65625,1
0,11.0,10.0,946.2578125,1
0,12.0,10.0,965.62890625,1
0,12.5,10.0,975.3125,1
0,13.0,10.0,985.0,1
