stroke_id,x,y,time,is_writing
0,0.0,0.0,0.0,1
0,3.0,0.0,50.58935546875,1
0,13.0,0.0,219.22021484375,1
0,15.0,0.0,252.9462890625,1
0,17.0,0.0,286.6728515625,1
0,19.0,3.0,347.4736328125,1
0,15.0,9.0,469.0751953125,1
0,13.0,12.0,529.8759765625,1
0,11.0,15.0,590.6767578125,1
0,9.0,16.0,628.3837890625,1
0,8.0,14.0,666.0908203125,1
0,4.0,7.0,802.04541015625,1
0,0.0,0.0,938.0,1
