stroke_id,x,y,time,is_writing
0,0.0,2.0,0.0,1
0,0.0,7.5,77.109375,1
0,0.0,10.25,115.6640625,1
0,0.0,11.625,134.9375,1
0,0.0,13.0,154.21875,1
0,5.0,12.5,224.6640625,1
0,7.5,12.25,259.890625,1
0,8.75,12.125,277.5,1
0,10.0,12.0,295.109375,1
0,15.0,11.5,365.5625,1
0,17.5,11.25,400.78125,1
0,18.75,11.125,418.3984375,1
0,20.0,11.0,436.0078125,1
0,20.0,9.0,464.046875,1
0,19.5,4.5,527.5234375,1
0,19.25,2.25,559.2578125,1
0,19.0,0.0,591.0,1
