stroke_id,x,y,time,is_writing
0,26.0,0.0,0.0,1
0,22.0,0.0,28.1630859375,1
0,17.5,0.0,59.845703125,1
0,15.25,0.0,75.6875,1
0,13.0,0.0,91.529296875,1
0,10.0,4.0,126.732421875,1
0,5.0,13.0,199.220703125,1
0,2.0,32.0,334.650390625,1
0,6.5,41.5,408.6611328125,1
0,3.25,62.25,556.537109375,1
0,1.625,72.625,630.474609375,1
0,0.8125,77.8125,667.443359375,1
0,0.0,83.0,704.412109375,1
0,2.0,83.0,718.4931640625,1
0,7.0,84.5,755.2470703125,1
0,9.5,85.25,773.623046875,1
0,12.0,86.0,792.0,1
