stroke_id,x,y,time,is_writing
0,0.0,2.0,0.0,1
0,0.0,5.0,14.84375,1
0,0.0,8.0,29.6875,1
0,0.0,9.5,37.109375,1
0,0.0,11.0,44.53125,1
0,4.0,12.0,64.9296875,1
0,37.25,11.0,229.5234375,1
0,53.875,10.5,311.8203125,1
0,70.5,10.0,394.1171875,1
0,105.75,9.5,568.546875,1
0,123.375,9.25,655.765625,1
0,132.1875,9.125,699.375,1
0,141.0,9.0,742.9765625,1
0,141.0,5.0,762.7734375,1
0,140.5,2.5,775.3828125,1
0,140.25,1.25,781.6953125,1
0,140.0,0.0,788.0,1
