stroke_id,x,y,time,is_writing
0,0.0,0.0,0.0,1
0,0.0,3.0,40.5625,1
0,0.5,6.5,88.359375,1
0,0.75,8.25,112.2578125,1
0,1.0,10.0,136.1640625,1
0,3.0,12.0,174.3984375,1
0,15.0,11.0,337.203125,1
0,21.0,10.5,418.6015625,1
0,27.0,10.0,500.0078125,1
0,41.0,14.0,696.859375,1
0,49.0,14.0,805.0234375,1
0,52.0,12.0,853.765625,1
0,53.0,10.0,884.0,1
