stroke_id,x,y,time,is_writing
0,0.0,20.0,0.0,1
0,0.0,18.0,9.34375,1
0,0.0,10.5,44.3671875,1
0,0.0,6.75,61.8828125,1
0,0.0,3.0,79.3984375,1
0,3.0,2.0,94.171875,1
0,72.0,4.0,416.578125,1
0,76.75,2.75,439.515625,1
0,81.5,1.5,462.4609375,1
0,122.25,0.75,652.8203125,1
0,142.625,0.375,748.0,1
0,152.8125,0.1875,795.5859375,1
0,163.0,0.0,843.1796875,1
0,164.0,2.0,853.625,1
0,164.0,11.0,895.65625,1
0,164.0,12.0,900.328125,1
0,164.0,13.0,905.0,1
