stroke_id,x,y,time,is_writing
0,10.0,4.0,0.0,1
0,8.0,4.0,37.107421875,1
0,4.0,6.0,120.0830078125,1
0,2.0,7.0,161.5712890625,1
0,0.0,8.0,203.05859375,1
0,0.0,4.0,277.2744140625,1
0,0.0,2.0,314.3818359375,1
0,0.0,1.0,332.935546875,1
0,0.0,0.0,351.4892578125,1
0,6.0,0.5,463.1982421875,1
0,9.0,0.75,519.052734375,1
0,10.5,0.875,546.98046875,1
0,12.0,1.0,574.9072265625,1
0,10.0,1.0,612.015625,1
0,6.0,1.0,686.23046875,1
0,8.0,2.5,732.615234375,1
0,10.0,4.0,779.0,1
