stroke_id,x,y,time,is_writing
0,1.0,5.0,0.0,1
0,0.0,7.0,141.0595703125,1
0,4.0,8.0,401.16015625,1
0,6.0,8.5,531.21044921875,1
0,8.0,9.0,661.2607421875,1
0,10.0,5.0,943.37939453125,1
0,9.5,2.5,1104.2119140625,1
0,9.25,1.25,1184.6279296875,1
0,9.0,0.0,1265.04443359375,1
0,5.0,1.0,1525.14501953125,1
0,3.0,3.0,1703.572265625,1
0,2.0,4.0,1792.7861328125,1
0,1.0,5.0,1882.0,1
