stroke_id,x,y,time,is_writing
0,0.123443603515625,0.0,0.0,1
0,7.62939453125e-06,3.0827178955078125,61.0,1
0,0.01898193359375,5.32037353515625,122.0,1
0,0.18036651611328125,6.7129669189453125,183.0,1
0,0.484161376953125,7.260498046875,244.0,1
0,0.9303665161132812,6.9629669189453125,305.0,1
0,1.51898193359375,5.82037353515625,366.0,1
0,2.2500076293945312,3.8327178955078125,427.0,1
0,3.123443603515625,1.0,488.0,1
