stroke_id,x,y,time,is_writing
0,0.0,6.0,0.0,1
0,0.0,10.0,94.6015625,1
0,3.5,9.0,180.689453125,1
0,5.25,8.5,223.734375,1
0,7.0,8.0,266.77734375,1
0,7.0,4.0,361.37890625,1
0,7.0,2.0,408.6796875,1
0,7.0,1.0,432.330078125,1
0,7.0,0.0,455.98046875,1
0,3.0,2.0,561.748046875,1
0,1.5,4.0,620.875,1
0,0.75,5.0,650.4375,1
0,0.0,6.0,680.0,1
