stroke_id,x,y,time,is_writing
0,5.0,1.0,0.0,1
0,1.0,1.0,62.6171875,1
0,0.0,5.0,127.16015625,1
0,1.0,7.0,162.1640625,1
0,2.0,9.0,197.166015625,1
0,6.0,10.0,261.7109375,1
0,9.5,5.0,357.251953125,1
0,11.25,2.5,405.021484375,1
0,13.0,0.0,452.79296875,1
0,9.0,0.5,515.896484375,1
0,7.0,0.75,547.447265625,1
0,6.0,0.875,563.224609375,1
0,5.0,1.0,579.0,1
