stroke_id,x,y,time,is_writing
0,0.0,0.0,0.0,1
0,8.42442512512207,7.2281646728515625,20.5,1
0,17.191871643066406,13.78399658203125,41.0,1
0,26.302339553833008,19.667495727539062,61.5,1
0,35.755828857421875,24.878662109375,82.0,1
0,45.552337646484375,29.417495727539062,102.5,1
0,55.691871643066406,33.28399658203125,123.0,1
0,66.17442321777344,36.47816467285156,143.5,1
0,77.0,39.0,164.0,1
