stroke_id,x,y,time,is_writing
0,0.0,10.591552734375,0.0,1
0,11.77267837524414,6.982147216796875,31.625,1
0,23.610305786132812,4.1182861328125,63.25,1
0,35.512882232666016,1.999969482421875,94.875,1
0,47.48040771484375,0.627197265625,126.5,1
0,59.512882232666016,-3.0517578125e-05,158.125,1
0,71.61030578613281,0.1182861328125,189.75,1
0,83.77267456054688,0.982147216796875,221.375,1
0,96.0,2.591552734375,253.0,1
