stroke_id,x,y,time,is_writing
0,15.0,0.0,0.0,1
0,13.0,2.0,57.97216796875,1
0,10.0,5.0,144.930419921875,1
0,8.5,6.5,188.409423828125,1
0,7.0,8.0,231.8885498046875,1
0,4.0,10.0,305.788818359375,1
0,2.0,7.0,379.6890869140625,1
0,1.0,5.5,416.6392822265625,1
0,0.0,4.0,453.5894775390625,1
0,9.0,7.0,648.033935546875,1
0,12.0,3.5,742.5169677734375,1
0,13.5,1.75,789.7584228515625,1
0,15.0,0.0,837.0,1
