stroke_id,x,y,time,is_writing
0,13.0,0.0,0.0,1
0,11.0,3.0,54.0703125,1
0,6.5,7.0,144.36328125,1
0,4.25,9.0,189.5078125,1
0,2.0,11.0,234.65234375,1
0,0.0,8.0,288.7265625,1
0,1.0,6.5,315.76171875,1
0,1.5,5.75,329.27734375,1
0,2.0,5.0,342.796875,1
0,7.5,2.5,433.3984375,1
0,10.25,1.25,478.69921875,1
0,11.625,0.625,501.34765625,1
0,13.0,0.0,524.0,1
