{"GFLOPs": 1.951e-05, "graph": {"_type": "graph-file", "sha256": "15d98174ca9caee1dc39ec737053616ca555ad02059cc519c0dd85d5fd019420", "size": 1413, "path": "media/graph/graph_summary_15d98174ca9caee1dc39.graph.json"}, "epoch": 316, "_timestamp": 1663015192.5454311, "loss": 75.92510223388672, "Clf_Arrow_loss": 1.2715940475463867, "Clf_loss": 72.72833251953125, "Reg_loss": 1.9252116680145264, "Clf_Arrow_custom_metric_arrow": 0.9931991696357727, "Clf_custom_metric_shape": 0.6845096945762634, "val_loss": 198.39894104003906, "val_Clf_Arrow_loss": 8.910138130187988, "val_Clf_loss": 186.5352020263672, "val_Reg_loss": 2.9535796642303467, "val_Clf_Arrow_custom_metric_arrow": 0.9636468887329102, "val_Clf_custom_metric_shape": 0.7222549319267273, "_runtime": 24481.53280711174, "_step": 316, "best_val_loss": 165.04632568359375, "best_epoch": 208}