{"GFLOPs": 1.951e-05, "graph": {"_type": "graph-file", "sha256": "5b5705ecdab6c644e2a0e84d21b96c3eb73c4c1cbf2f970df014cc73ab0ffc6f", "size": 1407, "path": "media/graph/graph_summary_5b5705ecdab6c644e2a0.graph.json"}, "epoch": 99, "_timestamp": 1662455484.6371768, "_runtime": 4479.625914812088, "loss": 138.57403564453125, "Clf_Arrow_loss": 2.6111176013946533, "Clf_loss": 132.10928344726562, "Reg_loss": 3.853635549545288, "val_loss": 274.1299133300781, "val_Clf_Arrow_loss": 18.95734977722168, "val_Clf_loss": 250.68035888671875, "val_Reg_loss": 4.4922003746032715, "_step": 99, "best_val_loss": 220.05845642089844, "best_epoch": 48}