stroke_id,x,y,time,is_writing
0,0.0,9.0498046875,0.0,1
0,3.01666259765625,9.0498046875,83.0,1
0,75.4166259765625,9.0498046875,227.0,1
0,95.52777099609375,9.0498046875,377.0,1
0,93.51666259765625,7.038818359375,594.0,1
0,80.44439697265625,0.0,711.0,1
0,82.45550537109375,0.0,827.0,1
0,91.50555419921875,4.022216796875,911.0,1
0,90.5,6.033203125,1061.0,1
0,82.45550537109375,14.07763671875,1160.0,1
