stroke_id,x,y,time,is_writing
0,53.0,45.0,0.0,1
0,51.0,45.0,56.0,1
0,21.0,19.0,130.0,1
0,12.0,7.0,180.0,1
0,12.0,10.0,239.0,1
0,14.0,42.0,297.0,1
0,20.0,62.000030517578125,355.0,1
0,20.0,60.000030517578125,397.0,1
0,20.0,9.0,480.0,1
0,18.0,0.0,505.0,1
0,21.0,2.0,564.0,1
0,62.0,35.0,647.0,1
0,69.0,41.0,681.0,1
0,29.0,20.0,747.0,1
0,4.0,11.0,797.0,1
0,0.0,10.0,831.0,1
0,13.0,50.000030517578125,988.0,1
