stroke_id,x,y,time,is_writing
0,24.0,0.0,0.0,1
0,18.0,6.5,59.67578125,1
0,15.0,9.75,89.515625,1
0,13.5,11.375,104.43359375,1
0,12.0,13.0,119.3515625,1
0,6.0,19.5,179.03125,1
0,3.0,22.75,208.8671875,1
0,1.5,24.375,223.7890625,1
0,0.0,26.0,238.70703125,1
0,3.75,33.0,292.28125,1
0,5.625,36.5,319.06640625,1
0,6.5625,38.25,332.4609375,1
0,7.5,40.0,345.8515625,1
0,11.25,47.0,399.42578125,1
0,13.125,50.5,426.21484375,1
0,14.0625,52.25,439.60546875,1
0,15.0,54.0,453.0,1
