stroke_id,x,y,time,is_writing
0,0.0,30.49530029296875,0.0,1
0,0.0,27.340606689453125,130.0,1
0,1.05157470703125,6.30938720703125,194.0,1
0,4.206268310546875,1.05157470703125,228.0,1
0,6.30938720703125,0.0,311.0,1
0,13.670318603515625,9.46405029296875,394.0,1
0,16.824981689453125,12.618743896484375,462.0,1
0,18.928131103515625,13.670318603515625,779.0,1
0,28.392181396484375,17.876556396484375,928.0,1
