stroke_id,x,y,time,is_writing
0,0.0,58.887451171875,0.0,1
0,0.0,56.7843017578125,78.0,1
0,0.0,45.2171630859375,111.0,1
0,8.4124755859375,9.46405029296875,178.0,1
0,11.567138671875,0.0,212.0,1
0,13.6702880859375,2.1031494140625,428.0,1
0,29.44366455078125,28.39215087890625,562.0,1
0,39.95928955078125,43.114013671875,761.0,1
