stroke_id,x,y,time,is_writing
0,2.0,0.0,0.0,1
0,5.0,1.5,55.40625,1
0,6.5,2.25,83.109375,1
0,7.25,2.625,96.9609375,1
0,8.0,3.0,110.8125,1
0,9.5,6.0,166.21484375,1
0,10.25,7.5,193.91796875,1
0,10.625,8.25,207.76953125,1
0,11.0,9.0,221.62109375,1
0,5.5,12.5,329.3125,1
0,2.75,14.25,383.15625,1
0,1.375,15.125,410.078125,1
0,0.0,16.0,437.0,1
