stroke_id,x,y,time,is_writing
0,71.3944091796875,0.0,0.0,1
0,67.3721923828125,4.022216796875,164.0,1
0,14.0777587890625,67.3720703125,308.0,1
0,6.0333251953125,77.427734375,409.0,1
0,1.00555419921875,82.455322265625,525.0,1
0,0.0,80.4443359375,741.0,1
0,0.0,72.39990234375,976.0,1
0,0.0,74.410888671875,1109.0,1
0,0.0,79.438720703125,1192.0,1
0,2.0111083984375,82.455322265625,1475.0,1
0,8.04443359375,79.438720703125,1609.0,1
0,10.0555419921875,78.43310546875,1858.0,1
