stroke_id,x,y,time,is_writing
0,97.0,0.0,0.0,1
0,93.0,2.0,73.0,1
0,33.0,74.00003051757812,140.0,1
0,11.0,96.00003051757812,173.0,1
0,0.0,104.00003051757812,232.0,1
0,5.0,103.00003051757812,299.0,1
0,30.0,90.00003051757812,332.0,1
0,124.0,55.000030517578125,407.0,1
0,151.0,48.000030517578125,447.0,1
0,155.0,47.000030517578125,464.0,1
0,150.0,48.000030517578125,540.0,1
