stroke_id,x,y,time,is_writing
0,5.02777099609375,0.0,0.0,1
0,5.02777099609375,2.010986328125,115.0,1
0,5.02777099609375,63.349853515625,259.0,1
0,5.02777099609375,69.38330078125,392.0,1
0,3.01666259765625,68.377685546875,977.0,1
0,0.0,63.349853515625,1226.0,1
0,1.00555419921875,65.361083984375,1560.0,1
0,5.02777099609375,67.3720703125,1777.0,1
0,8.04443359375,65.361083984375,1943.0,1
0,8.04443359375,63.349853515625,1993.0,1
