stroke_id,x,y,time,is_writing
0,1.05157470703125,22.082763671875,0.0,1
0,1.05157470703125,19.97967529296875,95.0,1
0,2.103118896484375,0.0,211.0,1
0,4.20623779296875,2.103118896484375,444.0,1
0,13.6702880859375,12.61871337890625,512.0,1
0,15.7734375,16.824981689453125,578.0,1
0,13.6702880859375,16.824981689453125,1100.0,1
0,4.20623779296875,16.824981689453125,1177.0,1
0,0.0,16.824981689453125,1328.0,1
