stroke_id,x,y,time,is_writing
0,0.0,54.942626953125,0.0,1
0,5.000000476837158,52.942626953125,119.0,1
0,42.0,30.942625045776367,238.0,1
0,73.0,14.942626953125,357.0,1
0,91.0,6.942630767822266,476.0,1
0,98.0,1.942626953125,595.0,1
1,93.3261947631836,13.865527153015137,0.0,1
1,98.0,1.942626953125,0.0,1
1,98.0,1.942626953125,0.0,1
1,85.34194946289062,3.7362900911830366e-05,0.0,1
