stroke_id,x,y,time,is_writing
0,0.0,8.04443359375,0.0,1
0,2.0111160278320312,8.04443359375,115.0,1
0,74.4111099243164,8.04443359375,259.0,1
0,76.4222183227539,8.04443359375,276.0,1
0,74.4111099243164,7.038818359375,510.0,1
0,56.311119079589844,1.00537109375,659.0,1
0,59.327781677246094,0.0,760.0,1
0,72.4000015258789,6.033203125,859.0,1
0,75.41666412353516,9.0498046875,943.0,1
0,66.36666107177734,15.083251953125,1277.0,1
