stroke_id,x,y,time,is_writing
0,1.0233154296875,0.0,0.0,1
0,0.19721031188964844,5.60400390625,80.0,1
0,-7.62939453125e-06,9.892578125,160.0,1
0,0.43166160583496094,12.86572265625,240.0,1
0,1.492218017578125,14.5234375,320.0,1
0,3.181661605834961,14.86572265625,400.0,1
0,5.499992370605469,13.892578125,480.0,1
0,8.447210311889648,11.60400390625,560.0,1
0,12.0233154296875,8.0,640.0,1
