stroke_id,x,y,time,is_writing
0,0.0,0.0,0.0,1
0,4.829174041748047,0.8974609375,67.75,1
0,8.385726928710938,2.07421875,135.5,1
0,10.669658660888672,3.5302734375,203.25,1
0,11.68096923828125,5.265625,271.0,1
0,11.419658660888672,7.2802734375,338.75,1
0,9.885726928710938,9.57421875,406.5,1
0,7.079174041748047,12.1474609375,474.25,1
0,3.0,15.0,542.0,1
