stroke_id,x,y,time,is_writing
0,0.0,76.76397705078125,0.0,1
0,0.0,66.24835205078125,63.0,1
0,3.15472412109375,10.515594482421875,129.0,1
0,4.206298828125,0.0,161.0,1
0,5.2578125,4.20623779296875,428.0,1
0,25.23748779296875,54.681182861328125,562.0,1
0,26.2890625,56.7843017578125,596.0,1
0,27.34063720703125,58.887420654296875,862.0,1
0,28.3922119140625,65.19677734375,962.0,1
0,29.4437255859375,67.2999267578125,1379.0,1
