stroke_id,x,y,time,is_writing
0,25.0,5.052734375,0.0,1
0,19.778797149658203,2.19476318359375,74.625,1
0,15.156509399414062,0.510498046875,149.25,1
0,11.133136749267578,-6.103515625e-05,223.875,1
0,7.70867919921875,0.6630859375,298.5,1
0,4.883136749267578,2.49993896484375,373.125,1
0,2.6565093994140625,5.510498046875,447.75,1
0,1.0287971496582031,9.69476318359375,522.375,1
0,0.0,15.052734375,597.0,1
