stroke_id,x,y,time,is_writing
0,0.0,12.0,0.0,1
0,7.0,7.0,106.18359375,1
0,10.5,4.5,159.27734375,1
0,12.25,3.25,185.82421875,1
0,14.0,2.0,212.37109375,1
0,16.0,0.0,247.28515625,1
0,16.75,6.25,324.98828125,1
0,17.125,9.375,363.83984375,1
0,17.5,12.5,402.6875,1
0,19.25,17.75,471.0,1
0,20.125,20.375,505.15625,1
0,20.5625,21.6875,522.234375,1
0,21.0,23.0,539.30859375,1
0,19.0,23.0,563.99609375,1
0,9.5,17.5,699.5,1
0,4.75,14.75,767.25,1
0,0.0,12.0,835.0,1
