stroke_id,x,y,time,is_writing
0,1.0,0.0,0.0,1
0,4.218801498413086,2.9556884765625,52.25,1
0,6.482231140136719,5.81689453125,104.5,1
0,7.790288925170898,8.5836181640625,156.75,1
0,8.142974853515625,11.255859375,209.0,1
0,7.540288925170898,13.8336181640625,261.25,1
0,5.982231140136719,16.31689453125,313.5,1
0,3.468801498413086,18.7056884765625,365.75,1
0,0.0,21.0,418.0,1
