stroke_id,x,y,time,is_writing
0,20.0,0.0,0.0,1
0,20.0,3.0,57.875,1
0,20.0,11.5,221.85546875,1
0,20.0,15.75,303.84765625,1
0,20.0,20.0,385.8359375,1
0,18.0,20.0,424.41796875,1
0,14.0,17.5,515.41796875,1
0,12.0,16.25,560.91796875,1
0,10.0,15.0,606.41796875,1
0,2.0,10.0,788.41796875,1
0,1.0,10.0,807.70703125,1
0,0.5,10.0,817.35546875,1
0,0.0,10.0,827.0,1
