stroke_id,x,y,time,is_writing
0,0.0,21.0,0.0,1
0,9.0,0.0,0.0,1
0,11.0,1.0,0.0,1
0,22.0,10.0,0.0,1
0,23.0,12.0,0.0,1
1,-1.7436314821243286,8.313008308410645,0.0,1
1,0.0,21.0,0.0,1
1,0.0,21.0,0.0,1
1,11.994804382324219,16.513946533203125,0.0,1
