stroke_id,x,y,time,is_writing
0,0.0,0.0,0.0,1
0,5.846393585205078,1.49359130859375,69.25,1
0,10.129531860351562,3.239013671875,138.5,1
0,12.849414825439453,5.23626708984375,207.75,1
0,14.00604248046875,7.4853515625,277.0,1
0,13.599414825439453,9.98626708984375,346.25,1
0,11.629531860351562,12.739013671875,415.5,1
0,8.096393585205078,15.74359130859375,484.75,1
0,3.0,19.0,554.0,1
