stroke_id,x,y,time,is_writing
0,0.0,0.0,0.0,1
0,0.0,3.0,16.4609375,1
0,0.0,10.5,57.609375,1
0,0.0,14.25,78.1796875,1
0,0.0,18.0,98.7578125,1
0,2.0,19.0,111.0234375,1
0,13.0,16.0,173.578125,1
0,42.25,16.75,334.109375,1
0,71.5,17.5,494.640625,1
0,119.0,17.0,755.265625,1
0,127.0,17.0,799.15625,1
0,135.0,17.0,843.046875,1
0,143.0,17.0,886.9375,1
0,145.0,14.0,906.71875,1
0,143.5,9.0,935.359375,1
0,142.75,6.5,949.6796875,1
0,142.0,4.0,964.0,1
