stroke_id,x,y,time,is_writing
0,0.0,1.0,0.0,1
0,0.0,6.0,56.609375,1
0,0.0,10.0,101.8984375,1
0,6.0,10.0,169.8359375,1
0,24.0,7.0,376.4453125,1
0,36.0,7.5,512.4375,1
0,42.0,7.75,580.4296875,1
0,45.0,7.875,614.421875,1
0,48.0,8.0,648.421875,1
0,48.0,4.0,693.7109375,1
0,48.0,2.0,716.3515625,1
0,48.0,1.0,727.6796875,1
0,48.0,0.0,739.0,1
