stroke_id,x,y,time,is_writing
0,4.022216796875,0.0,0.0,1
0,8.04443359375,0.0,211.0,1
0,26.1444091796875,0.0,327.0,1
0,28.155517578125,2.0111083984375,528.0,1
0,23.12774658203125,34.1888427734375,678.0,1
0,23.12774658203125,36.199951171875,710.0,1
0,19.10552978515625,38.2110595703125,1261.0,1
0,0.0,38.2110595703125,1411.0,1
