stroke_id,x,y,time,is_writing
0,0.0,16.0888671875,0.0,1
0,0.0,14.0777587890625,200.0,1
0,0.0,2.0111083984375,327.0,1
0,0.0,4.022216796875,566.0,1
0,5.02777099609375,5.0277099609375,644.0,1
0,72.39996337890625,4.022216796875,793.0,1
0,96.5333251953125,2.0111083984375,860.0,1
0,114.63330078125,0.0,1061.0,1
0,112.6221923828125,4.022216796875,1395.0,1
0,110.611083984375,10.0555419921875,1544.0,1
