stroke_id,x,y,time,is_writing
0,2.0,0.0,0.0,1
0,1.0,6.0,18.5390625,1
0,0.5,12.0,36.890625,1
0,0.25,15.0,46.06640625,1
0,0.0,18.0,55.2421875,1
0,4.0,19.0,67.80859375,1
0,26.0,20.0,134.9296875,1
0,73.5,19.5,279.71484375,1
0,121.0,19.0,424.5,1
0,197.0,20.0,656.16015625,1
0,235.0,20.0,771.98046875,1
0,238.5,20.0,782.6484375,1
0,242.0,20.0,793.31640625,1
0,242.0,17.0,802.4609375,1
0,241.5,14.0,811.73046875,1
0,241.25,12.5,816.36328125,1
0,241.0,11.0,821.0,1
