stroke_id,x,y,time,is_writing
0,20.11114501953125,0.0,0.0,1
0,15.08331298828125,0.0,140.0,1
0,0.0,0.0,257.0,1
0,2.0111083984375,5.02783203125,424.0,1
0,1.00555419921875,129.7166748046875,690.0,1
0,1.00555419921875,151.8389892578125,757.0,1
0,1.00555419921875,156.86669921875,808.0,1
0,2.0111083984375,154.8555908203125,1007.0,1
0,18.10003662109375,149.827880859375,1208.0,1
