stroke_id,x,y,time,is_writing
0,0.0,6.0,0.0,1
0,1.0,9.0,17.25,1
0,1.0,12.0,33.6171875,1
0,3.0,12.0,44.5234375,1
0,60.0,10.5,355.578125,1
0,89.5,11.25,516.5546875,1
0,104.25,11.625,597.046875,1
0,111.625,11.8125,637.296875,1
0,119.0,12.0,677.5390625,1
0,119.0,10.0,688.4453125,1
0,119.0,5.0,715.7265625,1
0,119.0,2.5,729.359375,1
0,119.0,0.0,743.0,1
