stroke_id,x,y,time,is_writing
0,5.02777099609375,0.0,0.0,1
0,7.03887939453125,0.0,216.0,1
0,26.14447021484375,0.0,442.0,1
0,28.15557861328125,0.0,511.0,1
0,27.1500244140625,4.022216796875,677.0,1
0,25.138916015625,40.22216796875,811.0,1
0,25.138916015625,79.4388427734375,1077.0,1
0,25.138916015625,88.4888916015625,1260.0,1
0,24.13336181640625,92.5111083984375,1410.0,1
0,22.12225341796875,93.5166015625,1645.0,1
0,4.022216796875,91.5054931640625,1877.0,1
0,0.0,90.5,2028.0,1
