stroke_id,x,y,time,is_writing
0,0.0,36.2000732421875,0.0,1
0,0.0,34.18896484375,211.0,1
0,0.0,25.138916015625,357.0,1
0,2.0111083984375,25.138916015625,813.0,1
0,15.08331298828125,19.1055908203125,890.0,1
0,73.40557861328125,1.005615234375,1023.0,1
0,83.46112060546875,0.0,1123.0,1
0,81.45001220703125,1.005615234375,1441.0,1
0,80.4444580078125,9.050048828125,1590.0,1
0,83.46112060546875,17.094482421875,1690.0,1
