stroke_id,x,y,time,is_writing
0,0.0,3.0167236328125,0.0,1
0,0.0,5.02783203125,381.0,1
0,0.0,9.050048828125,493.0,1
0,0.0,18.0999755859375,610.0,1
0,0.0,16.0888671875,798.0,1
0,0.0,0.0,1034.0,1
0,4.022247314453125,0.0,1209.0,1
0,48.266693115234375,5.02783203125,1343.0,1
0,72.4000244140625,5.02783203125,1475.0,1
0,78.433349609375,5.02783203125,1560.0,1
0,77.42779541015625,8.04443359375,1759.0,1
0,76.4222412109375,17.094482421875,1892.0,1
