stroke_id,x,y,time,is_writing
0,14.0,0.0,0.0,1
0,9.0,0.0,43.4921875,1
0,5.5,1.5,76.615234375,1
0,3.75,2.25,93.1767578125,1
0,2.0,3.0,109.73828125,1
0,0.0,13.0,198.4453125,1
0,0.5,25.5,307.263671875,1
0,0.75,31.75,361.6728515625,1
0,1.0,38.0,416.08203125,1
0,0.5,55.5,568.3671875,1
0,0.25,64.25,644.5107421875,1
0,0.125,68.625,682.58203125,1
0,0.0,73.0,720.6533203125,1
0,13.0,78.0,841.80859375,1
0,16.0,78.0,867.904296875,1
0,17.5,78.0,880.9521484375,1
0,19.0,78.0,894.0,1
