stroke_id,x,y,time,is_writing
0,39.0,42.0,0.0,1
0,30.0,51.0,30.0,1
0,29.0,108.999755859375,150.0,1
0,34.0,116.999755859375,175.0,1
0,47.0,128.999755859375,193.0,1
0,71.0,138.999755859375,230.0,1
0,96.0,138.999755859375,263.0,1
0,118.0,125.999755859375,297.0,1
0,127.0,113.999755859375,314.0,1
0,133.0,99.0,331.0,1
0,136.0,64.0,363.0,1
0,113.0,29.0,396.0,1
0,86.0,7.0,431.0,1
0,61.0,0.0,463.0,1
0,39.0,3.0,497.0,1
0,6.0,28.0,563.0,1
0,0.0,40.0,597.0,1
