stroke_id,x,y,time,is_writing
0,2.103118896484375,3.154541015625,0.0,1
0,4.20623779296875,2.10302734375,397.0,1
0,4.20623779296875,0.0,476.0,1
0,0.0,0.0,559.0,1
0,0.0,4.2060546875,714.0,1
