stroke_id,x,y,time,is_writing
0,0.0,2.10302734375,0.0,1
0,2.1031494140625,2.10302734375,378.0,1
0,3.15472412109375,0.0,479.0,1
0,0.0,2.10302734375,678.0,1
