stroke_id,x,y,time,is_writing
0,0.0,1.0,0.0,1
0,2.693073272705078,2.887542724609375,187.375,1
0,4.6881256103515625,4.2000732421875,374.75,1
0,5.985157012939453,4.937591552734375,562.125,1
0,6.58416748046875,5.10009765625,749.5,1
0,6.485157012939453,4.687591552734375,936.875,1
0,5.6881256103515625,3.7000732421875,1124.25,1
0,4.193073272705078,2.137542724609375,1311.625,1
0,2.0,0.0,1499.0,1
