stroke_id,x,y,time,is_writing
0,2.1031494140625,4.206298828125,0.0,1
0,0.0,3.15478515625,611.0,1
0,2.1031494140625,4.206298828125,863.0,1
0,2.1031494140625,0.0,945.0,1
