stroke_id,x,y,time,is_writing
0,10.0,9.0,0.0,1
0,6.0,9.5,105.7392578125,1
0,4.0,9.75,158.609375,1
0,3.0,9.875,185.0439453125,1
0,2.0,10.0,211.478515625,1
0,0.0,10.0,263.9404296875,1
0,1.0,6.0,372.0927734375,1
0,1.0,3.0,450.78515625,1
0,1.0,0.0,529.4765625,1
0,3.0,1.0,588.130859375,1
0,5.0,3.5,672.1103515625,1
0,6.0,4.75,714.099609375,1
0,7.0,6.0,756.08984375,1
0,5.0,7.0,814.7431640625,1
0,7.5,8.0,885.37109375,1
0,8.75,8.5,920.685546875,1
0,10.0,9.0,956.0,1
