stroke_id,x,y,time,is_writing
0,3.154693603515625,1.0517578125,0.0,1
0,1.05157470703125,0.0,512.0,1
0,0.0,2.103271484375,628.0,1
0,2.103118896484375,2.103271484375,760.0,1
