stroke_id,x,y,time,is_writing
0,1.0515594482421875,2.10302734375,0.0,1
0,2.103118896484375,0.0,493.0,1
0,0.0,0.0,643.0,1
0,0.0,2.10302734375,694.0,1
