stroke_id,x,y,time,is_writing
0,4.20623779296875,0.0,0.0,1
0,2.103118896484375,0.0,485.0,1
0,0.0,0.0,528.0,1
0,0.0,2.10302734375,562.0,1
