stroke_id,x,y,time,is_writing
0,1.05157470703125,0.0,0.0,1
0,0.0,2.103271484375,298.0,1
0,0.0,4.206298828125,359.0,1
0,4.20623779296875,4.206298828125,660.0,1
0,0.0,0.0,1632.0,1
