stroke_id,x,y,time,is_writing
0,1.051544189453125,3.15478515625,0.0,1
0,3.154693603515625,2.103271484375,411.0,1
0,3.154693603515625,0.0,443.0,1
0,0.0,2.103271484375,645.0,1
0,2.103118896484375,2.103271484375,711.0,1
