stroke_id,x,y,time,is_writing
0,8.0,0.0,0.0,1
0,6.0,0.0,22.970703125,1
0,3.0,2.0,64.3828125,1
0,1.5,3.0,85.08984375,1
0,0.0,4.0,105.794921875,1
0,0.0,8.0,151.73828125,1
0,8.0,12.0,254.466796875,1
0,12.0,12.0,300.41015625,1
0,16.0,12.0,346.3515625,1
0,12.0,6.0,429.17578125,1
0,10.0,3.0,470.587890625,1
0,9.0,1.5,491.294921875,1
0,8.0,0.0,512.0,1
