stroke_id,x,y,time,is_writing
0,86.22802734375,0.0,0.0,1
0,83.0733642578125,0.0,141.0,1
0,0.0,0.0,258.0,1
