stroke_id,x,y,time,is_writing
0,0.0,0.0,0.0,1
0,124.3902587890625,0.0,111.5625,1
0,203.16168212890625,0.0,182.25,1
0,203.16168212890625,125.947021484375,300.125,1
0,203.16168212890625,194.714111328125,364.5,1
0,93.3536376953125,194.714111328125,463.0,1
0,0.0,194.714111328125,546.75,1
0,0.0,20.155029296875,710.125,1
0,0.0,0.0,729.0,1
