stroke_id,x,y,time,is_writing
0,0.0,0.0,0.0,1
0,115.94938659667969,0.0,122.4375,1
0,179.4664764404297,0.0,189.5,1
0,179.4664764404297,72.207275390625,379.0,1
0,32.06661605834961,72.207275390625,534.625,1
0,0.0,72.207275390625,568.5,1
0,0.0,0.0,758.0,1
