stroke_id,x,y,time,is_writing
0,0.0,0.0,0.0,1
0,100.05377197265625,0.0,273.0,1
0,162.99200439453125,0.0,444.75,1
0,162.99200439453125,23.3447265625,889.5,1
0,21.26885986328125,23.3447265625,1276.21875,1
0,0.0,23.3447265625,1334.25,1
0,0.0,0.0,1779.0,1
