stroke_id,x,y,time,is_writing
0,0.0,0.0,0.0,1
0,83.28369140625,0.0,190.5,1
0,83.28369140625,85.566650390625,344.0,1
0,83.28369140625,106.2076416015625,381.0,1
0,0.0,106.2076416015625,571.5,1
0,0.0,9.6810302734375,744.625,1
0,0.0,0.0,762.0,1
