stroke_id,x,y,time,is_writing
0,0.0,0.0,0.0,1
0,34.0443115234375,0.0,340.5,1
0,34.0443115234375,151.20849609375,573.875,1
0,34.0443115234375,220.6025390625,681.0,1
0,0.0,220.6025390625,1021.5,1
0,0.0,102.4541015625,1203.875,1
0,0.0,28.3861083984375,1318.1875,1
0,0.0,0.0,1362.0,1
