stroke_id,x,y,time,is_writing
0,0.0,0.0,0.0,1
0,152.87542724609375,0.0,222.3125,1
0,162.46630859375,0.0,236.25,1
0,162.46630859375,48.3134765625,472.5,1
0,19.31756591796875,48.3134765625,680.6875,1
0,0.0,48.3134765625,708.75,1
0,0.0,0.0,945.0,1
