stroke_id,x,y,time,is_writing
0,0.0,1.0,0.0,1
0,2.0,2.0,30.45703125,1
0,9.5,6.0,146.2333984375,1
0,13.25,8.0,204.1220703125,1
0,17.0,10.0,262.0107421875,1
0,18.0,8.0,292.4677734375,1
0,18.0,4.0,346.951171875,1
0,18.0,2.0,374.1923828125,1
0,18.0,0.0,401.43359375,1
0,13.5,3.0,475.099609375,1
0,11.25,4.5,511.9326171875,1
0,10.125,5.25,530.3486328125,1
0,9.0,6.0,548.765625,1
0,4.5,3.5,618.8828125,1
0,2.25,2.25,653.94140625,1
0,1.125,1.625,671.470703125,1
0,0.0,1.0,689.0,1
