stroke_id,x,y,time,is_writing
0,0.0,15.0,0.0,1
0,2.0,15.0,210.453125,1
0,19.0,17.0,420.91015625,1
0,15.0,16.0,631.36328125,1
0,11.000000953674316,16.0,841.81640625,1
0,9.0,16.0,1052.2734375,1
0,5.0,16.0,1262.7265625,1
0,9.999999046325684,0.0,1473.18359375,1
0,11.0,2.0,1683.63671875,1
0,10.0,19.0,1894.08984375,1
0,9.0,23.0,2104.546875,1
0,7.0,24.0,2315.0,1
1,2.082826852798462,12.175390243530273,0.0,1
1,7.0,24.0,0.0,1
1,7.0,24.0,0.0,1
1,17.456825256347656,16.60711097717285,0.0,1
