stroke_id,x,y,time,is_writing
0,16.0,0.0,0.0,1
0,13.0,1.0,34.1015625,1
0,7.5,6.0,114.25390625,1
0,4.75,8.5,154.328125,1
0,2.0,11.0,194.40625,1
0,1.0,8.0,228.50390625,1
0,0.5,6.5,245.5546875,1
0,0.25,5.75,254.078125,1
0,0.0,5.0,262.60546875,1
0,4.0,4.0,307.06640625,1
0,13.0,10.0,423.703125,1
0,14.0,12.0,447.81640625,1
0,16.0,0.0,579.0,1
