stroke_id,x,y,time,is_writing
0,0.0,2.0,0.0,1
0,2.0,3.0,46.6962890625,1
0,6.5,4.5,145.7529296875,1
0,8.75,5.25,195.28125,1
0,11.0,6.0,244.8095703125,1
0,11.0,2.0,328.341796875,1
0,9.5,1.0,365.9892578125,1
0,8.75,0.5,384.8134765625,1
0,8.0,0.0,403.63671875,1
0,0.0,6.0,612.4677734375,1
0,0.0,4.0,654.2333984375,1
0,0.0,3.0,675.1171875,1
0,0.0,2.0,696.0,1
