stroke_id,x,y,time,is_writing
0,3.1546630859375,3.1546630859375,0.0,1
0,5.2578125,6.309326171875,194.0,1
0,8.4124755859375,11.567138671875,261.0,1
0,10.51556396484375,12.6187744140625,444.0,1
0,11.567138671875,10.515625,695.0,1
0,16.824951171875,0.0,828.0,1
0,14.72186279296875,1.051513671875,1034.0,1
0,0.0,11.567138671875,1311.0,1
