stroke_id,x,y,time,is_writing
0,7.36090087890625,0.0,0.0,1
0,6.309326171875,3.1546630859375,198.0,1
0,1.051513671875,13.6702880859375,277.0,1
0,0.0,15.77337646484375,327.0,1
0,2.10308837890625,15.77337646484375,711.0,1
0,12.61871337890625,15.77337646484375,794.0,1
0,18.9281005859375,15.77337646484375,911.0,1
0,16.824951171875,14.72186279296875,1277.0,1
0,10.51556396484375,7.36090087890625,1512.0,1
0,6.309326171875,2.10308837890625,1895.0,1
