stroke_id,x,y,time,is_writing
0,0.0,2.0693359375,0.0,1
0,4.994478225708008,0.633056640625,63.375,1
0,8.669105529785156,0.0,126.75,1
0,11.023881912231445,0.170166015625,190.125,1
0,12.058807373046875,1.1435546875,253.5,1
0,11.773881912231445,2.920166015625,316.875,1
0,10.169105529785156,5.5,380.25,1
0,7.244476318359375,8.883056640625,443.625,1
0,3.0,13.0693359375,507.0,1
