stroke_id,x,y,time,is_writing
0,13.0,0.0,0.0,1
0,10.0,2.0,55.461181640625,1
0,5.0,5.0,145.154052734375,1
0,2.5,6.5,190.000244140625,1
0,0.0,8.0,234.8466796875,1
0,2.0,9.0,269.2421875,1
0,5.0,11.75,331.84326171875,1
0,6.5,13.125,363.143798828125,1
0,8.0,14.5,394.444091796875,1
0,12.0,17.75,473.72216796875,1
0,14.0,19.375,513.361083984375,1
0,15.0,20.1875,533.180419921875,1
0,16.0,21.0,553.0,1
