stroke_id,x,y,time,is_writing
0,0.0,0.0,0.0,1
0,0.0,4.0,40.41015625,1
0,0.0,10.5,106.08203125,1
0,0.0,13.75,138.9140625,1
0,0.0,17.0,171.75,1
0,2.0,18.0,194.33984375,1
0,6.75,19.5,244.6640625,1
0,9.125,20.25,269.828125,1
0,11.5,21.0,294.98828125,1
0,17.25,23.0,356.49609375,1
0,20.125,24.0,387.24609375,1
0,21.5625,24.5,402.625,1
0,23.0,25.0,418.0,1
