stroke_id,x,y,time,is_writing
0,0.80926513671875,19.8837890625,0.0,1
0,0.5112957954406738,11.635948181152344,71.375,1
0,0.10872840881347656,5.945526123046875,142.75,1
0,4.76837158203125e-07,2.3906478881835938,214.125,1
0,0.5835494995117188,0.5494384765625,285.5,1
0,2.257812976837158,2.288818359375e-05,356.875,1
0,5.421228408813477,0.320526123046875,428.25,1
0,10.472232818603516,1.0890731811523438,499.625,1
0,17.80926513671875,1.8837890625,571.0,1
