stroke_id,x,y,time,is_writing
0,0.0,22.0,0.0,1
0,3.25,17.5,71.99609375,1
0,4.875,15.25,107.9921875,1
0,5.6875,14.125,125.9921875,1
0,6.5,13.0,143.990234375,1
0,9.75,8.5,215.986328125,1
0,11.375,6.25,251.982421875,1
0,12.1875,5.125,269.982421875,1
0,13.0,4.0,287.98046875,1
0,15.0,0.0,345.984375,1
0,15.0,2.0,371.923828125,1
0,20.0,17.0,576.998046875,1
0,21.0,19.0,606.0,1
