stroke_id,x,y,time,is_writing
0,16.0,0.0,0.0,1
0,15.380926132202148,5.3531494140625,84.75,1
0,15.117301940917969,9.03173828125,169.5,1
0,14.834127426147461,11.3404541015625,254.25,1
0,14.156402587890625,12.583984375,339.0,1
0,12.709127426147461,13.0670166015625,423.75,1
0,10.117301940917969,13.09423828125,508.5,1
0,6.005926132202148,12.9703369140625,593.25,1
0,0.0,13.0,678.0,1
