stroke_id,x,y,time,is_writing
0,7.10009765625,0.0,0.0,1
0,4.087554931640625,1.55706787109375,87.75,1
0,1.9000244140625,3.133544921875,175.5,1
0,0.537506103515625,4.72943115234375,263.25,1
0,0.0,6.3447265625,351.0,1
0,0.287506103515625,7.97943115234375,438.75,1
0,1.4000244140625,9.633544921875,526.5,1
0,3.337554931640625,11.30706787109375,614.25,1
0,6.10009765625,13.0,702.0,1
