stroke_id,x,y,time,is_writing
0,9.24267578125,0.0,0.0,1
0,4.730255126953125,4.17352294921875,107.5,1
0,1.6856689453125,7.868896484375,215.0,1
0,0.108917236328125,11.08612060546875,322.5,1
0,0.0,13.8251953125,430.0,1
0,1.358917236328125,16.08612060546875,537.5,1
0,4.1856689453125,17.868896484375,645.0,1
0,8.480255126953125,19.17352294921875,752.5,1
0,14.24267578125,20.0,860.0,1
