stroke_id,x,y,time,is_writing
0,0.0,27.0,0.0,1
0,11.75,20.5,111.677734375,1
0,17.625,17.25,167.5166015625,1
0,20.5625,15.625,195.4365234375,1
0,23.5,14.0,223.35546875,1
0,35.25,7.5,335.033203125,1
0,41.125,4.25,390.8720703125,1
0,44.0625,2.625,418.7919921875,1
0,47.0,1.0,446.7109375,1
0,49.0,0.0,465.3076171875,1
0,49.0,2.0,481.94140625,1
0,50.5,6.0,517.470703125,1
0,52.0,10.0,553.0,1
