stroke_id,x,y,time,is_writing
0,3.0,0.0,0.0,1
0,3.6123924255371094,2.76104736328125,57.25,1
0,3.9426727294921875,5.447509765625,114.5,1
0,3.9908409118652344,8.05938720703125,171.75,1
0,3.75689697265625,10.5966796875,229.0,1
0,3.2408409118652344,13.05938720703125,286.25,1
0,2.4426727294921875,15.447509765625,343.5,1
0,1.3623924255371094,17.76104736328125,400.75,1
0,0.0,20.0,458.0,1
