stroke_id,x,y,time,is_writing
0,12.8028564453125,0.0,0.0,1
0,7.670356750488281,1.9515380859375,52.875,1
0,3.825714111328125,3.95263671875,105.75,1
0,1.2689285278320312,6.0032958984375,158.625,1
0,0.0,8.103515625,211.5,1
0,0.01892852783203125,10.2532958984375,264.375,1
0,1.325714111328125,12.45263671875,317.25,1
0,3.9203567504882812,14.7015380859375,370.125,1
0,7.8028564453125,17.0,423.0,1
