stroke_id,x,y,time,is_writing
0,0.0,6.0,0.0,1
0,7.75,4.5,69.99609375,1
0,11.625,3.75,104.9921875,1
0,13.5625,3.375,122.4921875,1
0,15.5,3.0,139.9921875,1
0,23.25,1.5,209.984375,1
0,27.125,0.75,244.984375,1
0,29.0625,0.375,262.48046875,1
0,31.0,0.0,279.98046875,1
0,31.0,3.0,306.58203125,1
0,30.0,11.0,378.0703125,1
0,29.5,15.0,413.81640625,1
0,29.0,19.0,449.55859375,1
0,27.0,20.0,469.38671875,1
0,21.5,16.5,527.1953125,1
0,18.75,14.75,556.09765625,1
0,16.0,13.0,585.0,1
