stroke_id,x,y,time,is_writing
0,4.0,0.0,0.0,1
0,4.0,2.0,38.9296875,1
0,2.0,8.0,162.03515625,1
0,1.0,11.0,223.58984375,1
0,0.0,14.0,285.140625,1
0,0.0,18.0,363.0,1
0,4.0,22.0,473.11328125,1
0,6.0,24.0,528.16796875,1
0,8.0,26.0,583.22265625,1
0,10.0,27.0,626.74609375,1
0,13.5,27.0,694.875,1
0,15.25,27.0,728.9375,1
0,17.0,27.0,763.0,1
