stroke_id,x,y,time,is_writing
0,0.0,7.0,0.0,1
0,6.25,5.25,69.251953125,1
0,9.375,4.375,103.876953125,1
0,10.9375,3.9375,121.189453125,1
0,12.5,3.5,138.50390625,1
0,18.75,1.75,207.75390625,1
0,21.875,0.875,242.380859375,1
0,23.4375,0.4375,259.693359375,1
0,25.0,0.0,277.005859375,1
0,28.0,0.0,309.015625,1
0,29.0,2.0,332.875,1
0,33.0,7.5,405.4375,1
0,37.0,13.0,478.0,1
