stroke_id,x,y,time,is_writing
0,0.0,0.0,0.0,1
0,2.0,1.0,23.22265625,1
0,10.0,2.5,107.74609375,1
0,14.0,3.25,150.01171875,1
0,18.0,4.0,192.2734375,1
0,14.5,12.0,282.95703125,1
0,12.75,16.0,328.296875,1
0,11.875,18.0,350.96484375,1
0,11.0,20.0,373.63671875,1
0,7.5,28.0,464.3203125,1
0,5.75,32.0,509.66015625,1
0,4.875,34.0,532.328125,1
0,4.0,36.0,555.0,1
