stroke_id,x,y,time,is_writing
0,0.0,16.0,0.0,1
0,0.6908283233642578,9.62457275390625,142.375,1
0,0.9945449829101562,5.249267578125,284.75,1
0,1.3095874786376953,2.49908447265625,427.125,1
0,2.034393310546875,0.9990234375,569.5,1
0,3.5673999786376953,0.37408447265625,711.875,1
0,6.307044982910156,0.249267578125,854.25,1
0,10.651765823364258,0.24957275390625,996.625,1
0,17.0,0.0,1139.0,1
