stroke_id,x,y,time,is_writing
0,8.2933349609375,0.0,0.0,1
0,4.758750915527344,1.793701171875,63.5,1
0,2.198333740234375,3.4677734375,127.0,1
0,0.6120834350585938,5.022216796875,190.5,1
0,0.0,6.45703125,254.0,1
0,0.36208343505859375,7.772216796875,317.5,1
0,1.698333740234375,8.9677734375,381.0,1
0,4.008750915527344,10.043701171875,444.5,1
0,7.2933349609375,11.0,508.0,1
