stroke_id,x,y,time,is_writing
0,1.0,0.0,0.0,1
0,1.0,4.0,20.8359375,1
0,0.5,8.0,41.8359375,1
0,0.25,10.0,52.3359375,1
0,0.0,12.0,62.828125,1
0,0.0,14.0,73.25,1
0,3.0,14.0,88.875,1
0,29.75,14.25,228.21875,1
0,56.5,14.5,367.5703125,1
0,84.75,15.75,514.8671875,1
0,98.875,16.375,588.515625,1
0,105.9375,16.6875,625.3359375,1
0,113.0,17.0,662.1640625,1
0,116.0,17.0,677.7890625,1
0,115.0,15.0,689.4375,1
0,113.0,12.0,708.21875,1
0,111.0,9.0,727.0,1
