stroke_id,x,y,time,is_writing
0,1.0,4.0,0.0,1
0,0.5,11.0,60.6953125,1
0,0.25,14.5,91.046875,1
0,0.125,16.25,106.21875,1
0,0.0,18.0,121.390625,1
0,12.0,17.25,225.3828125,1
0,18.0,16.875,277.375,1
0,21.0,16.6875,303.375,1
0,24.0,16.5,329.3671875,1
0,36.0,15.75,433.359375,1
0,42.0,15.375,485.3515625,1
0,45.0,15.1875,511.3515625,1
0,48.0,15.0,537.34375,1
0,50.0,14.0,556.6875,1
0,51.0,7.0,617.84375,1
0,51.5,3.5,648.421875,1
0,52.0,0.0,679.0,1
