stroke_id,x,y,time,is_writing
0,7.0,74.0,0.0,1
0,3.5,74.5,41.2109375,1
0,1.75,74.75,61.81640625,1
0,0.875,74.875,72.119140625,1
0,0.0,75.0,82.421875,1
0,0.0,73.0,105.734375,1
0,1.0,65.0,199.7109375,1
0,4.0,51.25,363.75390625,1
0,7.0,37.5,527.798828125,1
0,8.0,0.0,965.0625,1
0,10.0,0.0,988.375,1
0,12.0,0.0,1011.6875,1
0,14.0,0.0,1035.0,1
