stroke_id,x,y,time,is_writing
0,18.0,0.0,0.0,1
0,10.0,0.0,94.4921875,1
0,6.0,0.0,141.7421875,1
0,4.0,0.0,165.3671875,1
0,2.0,0.0,188.9921875,1
0,2.0,2.0,212.609375,1
0,0.0,30.0,544.1875,1
0,0.5,30.25,550.7890625,1
0,1.0,30.5,557.390625,1
0,0.5,45.75,737.6171875,1
0,0.25,53.375,827.734375,1
0,0.125,57.1875,872.7890625,1
0,0.0,61.0,917.84375,1
0,2.0,62.0,944.2578125,1
0,8.0,62.0,1015.1328125,1
0,11.0,62.0,1050.5625,1
0,14.0,62.0,1086.0,1
