stroke_id,x,y,time,is_writing
0,3.0,0.0,0.0,1
0,2.0,2.0,16.640625,1
0,1.0,9.0,69.2578125,1
0,0.5,12.5,95.56640625,1
0,0.0,16.0,121.875,1
0,2.0,17.0,138.515625,1
0,20.0,17.75,272.578125,1
0,29.0,18.125,339.609375,1
0,38.0,18.5,406.640625,1
0,57.0,19.75,548.33203125,1
0,66.5,20.375,619.17578125,1
0,71.25,20.6875,654.6015625,1
0,76.0,21.0,690.0234375,1
0,79.0,21.0,712.34765625,1
0,78.0,19.0,728.98828125,1
0,75.5,15.5,760.9921875,1
0,73.0,12.0,793.0,1
