stroke_id,x,y,time,is_writing
0,2.0,0.0,0.0,1
0,0.0,5.0,82.56640625,1
0,0.0,8.5,136.23046875,1
0,0.0,10.25,163.0625,1
0,0.0,12.0,189.89453125,1
0,7.0,10.0,301.515625,1
0,10.25,9.0,353.6484375,1
0,11.875,8.5,379.71875,1
0,13.5,8.0,405.78125,1
0,27.0,9.0,613.3359375,1
0,27.0,7.0,644.0,1
0,27.0,5.5,667.0,1
0,27.0,4.0,690.0,1
