stroke_id,x,y,time,is_writing
0,1.56353759765625,1.0,0.0,1
0,0.7857398986816406,4.1943817138671875,79.5,1
0,0.2658843994140625,6.44036865234375,159.0,1
0,0.003971099853515625,7.7379608154296875,238.5,1
0,0.0,8.087158203125,318.0,1
0,0.2539710998535156,7.4879608154296875,397.5,1
0,0.7658843994140625,5.94036865234375,477.0,1
0,1.5357398986816406,3.4443817138671875,556.5,1
0,2.56353759765625,0.0,636.0,1
