stroke_id,x,y,time,is_writing
0,1.0,1.26953125,0.0,1
0,3.599201202392578,0.84375,183.875,1
0,5.4200592041015625,0.50390625,367.75,1
0,6.462574005126953,0.25,551.625,1
0,6.72674560546875,0.08203125,735.5,1
0,6.212574005126953,0.0,919.375,1
0,4.9200592041015625,0.00390625,1103.25,1
0,2.849201202392578,0.09375,1287.125,1
0,0.0,0.26953125,1471.0,1
