stroke_id,x,y,time,is_writing
0,1.0,0.0,0.0,1
0,0.5,3.0,39.173828125,1
0,0.25,4.5,58.76171875,1
0,0.125,5.25,68.556640625,1
0,0.0,6.0,78.349609375,1
0,9.0,6.0,194.2734375,1
0,13.5,6.0,252.236328125,1
0,15.75,6.0,281.21875,1
0,18.0,6.0,310.19921875,1
0,2.0,4.0,517.892578125,1
0,1.5,2.0,544.4453125,1
0,1.25,1.0,557.72265625,1
0,1.0,0.0,571.0,1
