stroke_id,x,y,time,is_writing
0,7.0,0.0,0.0,1
0,5.0,2.0,55.1220703125,1
0,2.5,5.5,138.94580078125,1
0,1.25,7.25,180.85791015625,1
0,0.0,9.0,222.76953125,1
0,0.0,11.0,261.7470703125,1
0,4.0,12.0,342.1005859375,1
0,6.5,8.0,434.0283203125,1
0,9.0,4.0,525.9560546875,1
0,7.0,3.0,569.5341796875,1
0,7.0,1.5,598.76708984375,1
0,7.0,0.75,613.38330078125,1
0,7.0,0.0,628.0,1
