stroke_id,x,y,time,is_writing
0,3.0,0.0,0.0,1
0,0.0,3.0,59.509765625,1
0,1.0,6.5,110.56640625,1
0,1.5,8.25,136.09375,1
0,2.0,10.0,161.623046875,1
0,5.5,9.0,212.6796875,1
0,7.25,8.5,238.20703125,1
0,8.125,8.25,250.97265625,1
0,9.0,8.0,263.736328125,1
0,6.0,4.0,333.8671875,1
0,4.5,2.0,368.93359375,1
0,3.75,1.0,386.466796875,1
0,3.0,0.0,404.0,1
