stroke_id,x,y,time,is_writing
0,2.0,0.0,0.0,1
0,1.9805259704589844,2.8815460205078125,88.375,1
0,1.8951873779296875,5.04693603515625,176.75,1
0,1.7439842224121094,6.4961700439453125,265.125,1
0,1.52691650390625,7.229248046875,353.5,1
0,1.2439842224121094,7.2461700439453125,441.875,1
0,0.8951873779296875,6.54693603515625,530.25,1
0,0.4805259704589844,5.1315460205078125,618.625,1
0,0.0,3.0,707.0,1
