stroke_id,x,y,time,is_writing
0,5.0,0.0,0.0,1
0,4.0,2.0,41.4931640625,1
0,2.0,6.0,124.478515625,1
0,1.0,8.0,165.970703125,1
0,0.0,10.0,207.4638671875,1
0,5.0,11.0,302.0810546875,1
0,7.5,11.5,349.390625,1
0,8.75,11.75,373.044921875,1
0,10.0,12.0,396.69921875,1
0,11.0,10.0,438.1923828125,1
0,11.0,6.0,512.416015625,1
0,11.0,4.0,549.5283203125,1
0,11.0,2.0,586.640625,1
0,8.0,1.0,645.3203125,1
0,6.5,0.5,674.66015625,1
0,5.75,0.25,689.330078125,1
0,5.0,0.0,704.0,1
