stroke_id,x,y,time,is_writing
0,3.464752197265625,0.0,0.0,1
0,1.948923110961914,2.71014404296875,56.625,1
0,0.8661880493164062,4.788818359375,113.25,1
0,0.21654701232910156,6.23602294921875,169.875,1
0,0.0,7.0517578125,226.5,1
0,0.21654701232910156,7.23602294921875,283.125,1
0,0.8661880493164062,6.788818359375,339.75,1
0,1.948923110961914,5.71014404296875,396.375,1
0,3.464752197265625,4.0,453.0,1
