stroke_id,x,y,time,is_writing
0,10.0,8.0,0.0,1
0,11.711402893066406,10.163970947265625,61.875,1
0,12.576690673828125,11.4239501953125,123.75,1
0,12.595863342285156,11.779937744140625,185.625,1
0,11.7689208984375,11.23193359375,247.5,1
0,10.095863342285156,9.779937744140625,309.375,1
0,7.576690673828125,7.4239501953125,371.25,1
0,4.211402893066406,4.163970947265625,433.125,1
0,0.0,0.0,495.0,1
