stroke_id,x,y,time,is_writing
0,0.0,0.0,0.0,1
0,0.0,2.0,30.337890625,1
0,0.0,8.0,121.353515625,1
0,0.0,11.0,166.861328125,1
0,0.0,14.0,212.3671875,1
0,3.0,12.5,263.24609375,1
0,4.5,11.75,288.685546875,1
0,5.25,11.375,301.40625,1
0,6.0,11.0,314.125,1
0,7.0,9.0,348.044921875,1
0,3.5,4.5,434.5234375,1
0,1.75,2.25,477.76171875,1
0,0.0,0.0,521.0,1
