stroke_id,x,y,time,is_writing
0,11.0,3.0,0.0,1
0,9.0,4.0,35.40625,1
0,5.0,5.5,103.046875,1
0,3.0,6.25,136.87109375,1
0,1.0,7.0,170.69140625,1
0,0.5,3.5,226.671875,1
0,0.25,1.75,254.6640625,1
0,0.125,0.875,268.66015625,1
0,0.0,0.0,282.65625,1
0,2.0,1.0,318.05859375,1
0,8.0,11.0,502.71484375,1
0,9.5,7.0,570.35546875,1
0,11.0,3.0,638.0,1
